X,Y,Complain_Number,Time,Day,Main_Street,Second_Street,Quadrant,On_Street,Latitude,Longitude,Type,Injured,Vehicles,Bikes,Fatalities,GeocodeError,FID
-77.06788023,38.92475218,11005133,2012-01-11T14:00:00.000Z,Wed,MASSACHUSETTS AVE,EDMUNDS ST,NW,At Intersect,38.924752,-77.06788,Right Turn Hit Veh.,1,2,1,0,,1
-77.03549348,38.91811413,12000410,2012-01-01T21:37:00.000Z,Sun,V ST,NEW HAMPSHIRE AVE,NW,At Intersect,38.918114,-77.035493,Right Angle,1,2,1,0,,2
-77.01618009,38.89613235,12000457,2012-01-02T00:01:00.000Z,Sun,E ST,FOURTH ST,NW,Not at Inter,38.896132,-77.01618,Side Swiped,0,2,1,0,,3
-77.03270925,38.93134681,12000783,2012-01-02T22:11:00.000Z,Mon,FOURTEENTH ST,MONROE ST,NW,At Intersect,38.931347,-77.032709,Left Turn Hit Ped.,1,2,1,0,,4
-77.04317361,38.92229289,12002603,2012-01-06T01:35:00.000Z,Thu,BILTMORE ST,COLUMBIA RD,NW,At Intersect,38.922293,-77.043174,Left Turn Hit Veh.,1,2,1,0,,5
-76.97622223,38.93409795,12002867,2012-01-07T00:26:00.000Z,Fri,NEWTON ST,TWENTIETH ST,NE,At Intersect,38.934098,-76.976222,WTON ST TWENTIETH ST,1,2,1,0,,6
-77.03195636,38.90020484,12004356,2012-01-09T22:34:00.000Z,Mon,FOURTEENTH ST,H ST,NW,At Intersect,38.900205,-77.031956,Side Swiped,0,2,1,0,,7
-77.01892537,38.91260597,12004362,2012-01-09T22:55:00.000Z,Mon,FIFTH ST,R ST,NW,At Intersect,38.912606,-77.018925,Right Angle,1,2,1,0,,8
-77.02704026,38.92575509,12004366,2012-01-09T23:05:00.000Z,Mon,ELEVENTH ST,GIRARD ST,NW,Within 100ft,38.925755,-77.02704,Side Swiped,1,2,1,0,,9
-77.04346249,38.90020236,12004794,2012-01-10T14:00:00.000Z,Tue,PENNSYLVANIA AVE,NINTEENTH ST,NW,At Intersect,38.900202,-77.043462,Side Swiped,0,2,1,0,,10
-77.02191414,38.90564383,12006825,2012-01-14T16:19:00.000Z,Sat,SEVENTH ST,M ST,NW,At Intersect,38.905644,-77.021914,Right Angle,1,2,1,0,,11
-77.04268424,38.92266111,12007273,2012-01-15T13:46:00.000Z,Sun,EIGHTEENTH ST,COLUMBIA RD,NW,At Intersect,38.922661,-77.042684,Other,1,2,1,0,,12
-77.02191395,38.90416816,12008174,2012-01-17T16:54:00.000Z,Tue,SEVENTH ST,L ST,NW,At Intersect,38.904168,-77.021914,Side Swiped,1,2,1,0,,13
-76.97373128,38.91577464,12008568,2012-01-18T13:04:00.000Z,Wed,T ST,BLADENSBURG RD,NE,Not at Inter,38.915775,-76.973731,Left Turn Hit Veh.,1,2,1,0,,14
-77.02293288,38.89845593,12008607,2012-01-18T14:13:00.000Z,Wed,EIGHTH ST,G ST,NW,At Intersect,38.898456,-77.022933,Right Turn Hit Veh.,1,2,1,0,,15
-77.02704987,38.90394886,12008880,2012-01-19T00:00:00.000Z,Wed,MASSACHUSETTS AVE,ELEVENTH ST,NW,At Intersect,38.903949,-77.02705,Head On,1,2,1,0,,16
-77.06720443,38.91469946,12008998,2012-01-19T03:32:00.000Z,Wed,WISCONSIN AVE,S ST,NW,Within 100ft,38.914699,-77.067204,Side Swiped,1,2,1,0,,17
-76.99313515,38.90400064,12009418,2012-01-20T00:34:00.000Z,Thu,WEST VIRGINIA AVE,FLORIDA AVE,NE,At Intersect,38.904001,-76.993135,Side Swiped,0,2,1,0,,18
-77.02970721,38.92763772,12009812,2012-01-20T19:30:00.000Z,Fri,THIRTEENTH ST,COLUMBIA RD,NW,Within 100ft,38.927638,-77.029707,Side Swiped,0,2,1,0,,19
-77.03274852,38.9302311,12009840,2012-01-20T14:40:00.000Z,Fri,FOURTEENTH ST,KENYON ST,NW,Not at Inter,38.930231,-77.032749,Head On,1,1,1,0,,20
-77.0364945,38.92036401,12010471,2012-01-22T01:57:00.000Z,Sat,BELMONT ST,SIXTEENTH ST,NW,At Intersect,38.920364,-77.036495,Right Angle,2,2,1,0,,21
-76.98538635,38.86590546,12011308,2012-01-21T04:55:00.000Z,Fri,FOURTEENTH ST,U ST,SE,Not at Inter,38.865905,-76.985386,Side Swiped,1,2,1,0,,22
-77.03883944,38.93253211,12013000,2012-01-27T04:18:00.000Z,Thu,PARK RD,MOUNT PLEASANT ST,NW,Within 100ft,38.932532,-77.038839,19,1,2,1,0,,23
-77.00905089,38.9107951,12013193,2012-01-27T17:06:00.000Z,Fri,NORTH CAPITOL ST,FLORIDA AVE,BN,At Intersect,38.910795,-77.009051,Rear End,1,3,1,0,,24
-77.02420496,38.964953,12013279,2012-01-27T21:02:00.000Z,Fri,EIGHTH ST,RITTENHOUSE ST,NW,At Intersect,38.964953,-77.024205,Head On,0,2,1,0,,25
-77.02396275,38.90724421,12014404,2012-01-29T23:05:00.000Z,Sun,NINTH ST,N ST,NW,At Intersect,38.907244,-77.023963,Straight Hit Ped.,1,2,1,0,,26
-77.05141446,38.90252354,12014411,2012-01-29T02:30:00.000Z,Sat,K ST,TWENTY FOURTH ST,NW,At Intersect,38.902524,-77.051414,Other,1,2,1,0,,27
-76.97752339,38.89908603,12014586,2012-01-30T13:41:00.000Z,Mon,EIGHTEENTH ST,BENNING RD,NE,At Intersect,38.899086,-76.977523,Straight Hit Ped.,0,2,1,0,,28
,,12014654,2012-01-30T16:36:00.000Z,Mon,,,NE,,,,,,,,0,1,29
-77.0567674,38.91662221,12015067,2012-01-31T13:00:00.000Z,Tue,MASSACHUSETTS AVE,BELMONT RD,NW,At Intersect,38.916622,-77.056767,Right Angle,1,2,1,0,,30
-77.02191502,38.90210169,12015318,2012-01-31T22:01:00.000Z,Tue,SEVENTH ST,MASSACHUSETTS AVE,NW,At Intersect,38.902102,-77.021915,Left Turn Hit Ped.,0,2,1,0,,31
-77.02703942,38.91054823,12015387,2012-01-31T23:56:00.000Z,Tue,ELEVENTH ST,RHODE ISLAND AVE,NW,At Intersect,38.910548,-77.027039,Head On,1,2,1,0,,32
-77.03850093,38.9056523,12016164,2012-02-02T14:25:00.000Z,Thu,SEVENTEENTH ST,M ST,NW,At Intersect,38.905652,-77.038501,Left Turn Hit Veh.,1,2,1,0,,33
-77.01682687,38.91111992,12017024,2012-02-04T02:40:00.000Z,Fri,NEW JERSEY AVE,Q ST,NW,At Intersect,38.91112,-77.016827,Right Angle,1,2,1,0,,34
-76.99496076,38.89890813,12018148,2012-02-06T14:23:00.000Z,Mon,EIGHTH ST,G ST,NE,At Intersect,38.898908,-76.994961,Right Angle,1,2,1,0,,35
-77.00905107,38.90963861,12018559,2012-02-07T11:10:00.000Z,Tue,NORTH CAPITOL ST,P ST,BN,At Intersect,38.909639,-77.009051,Straight Hit Ped.,1,2,1,0,,36
-77.0270473,38.90416678,12018613,2012-02-07T14:44:00.000Z,Tue,L ST,ELEVENTH ST,NW,Not at Inter,38.904167,-77.027047,Left Turn Hit Veh.,1,2,1,0,,37
-77.01214161,38.88603185,12018820,2012-02-07T22:15:00.000Z,Tue,WASHINGTON AVE,C ST,SW,Within 100ft,38.886032,-77.012142,Right Turn Hit Ped.,1,1,1,0,,38
-77.0297073,38.92674212,12019098,2012-02-08T14:01:00.000Z,Wed,THIRTEENTH ST,HARVARD ST,NW,Within 100ft,38.926742,-77.029707,Right Angle,1,2,1,0,,39
-77.01629523,38.90964253,12019366,2012-02-09T01:00:00.000Z,Wed,P ST,NEW JERSEY AVE,NW,Not at Inter,38.909643,-77.016295,Rear End,0,2,1,0,,40
-77.01590805,38.90857411,12019542,2012-02-09T11:45:00.000Z,Thu,NEW JERSEY AVE,O ST,NW,At Intersect,38.908574,-77.015908,Right Angle,1,2,1,0,,41
-77.04342358,38.91557342,12022196,2012-02-15T02:20:00.000Z,Tue,NINTEENTH ST,T ST,NW,At Intersect,38.915573,-77.043424,Head On,1,3,1,0,,42
-77.01618009,38.89613235,12022424,2012-02-15T16:25:00.000Z,Wed,E ST,FOURTH ST,NW,Not at Inter,38.896132,-77.01618,Rear End,0,2,1,0,,43
-77.02191502,38.90210169,12022470,2012-02-15T18:50:00.000Z,Wed,SEVENTH ST,K ST,NW,At Intersect,38.902102,-77.021915,Right Angle,0,2,1,0,,44
-77.03193034,38.92166012,12023065,2012-02-17T00:40:00.000Z,Thu,FOURTEENTH ST,CHAPIN ST,NW,Within 100ft,38.92166,-77.03193,Right Angle,1,1,1,0,,45
-77.06281147,38.90517696,12023975,2012-02-18T19:40:00.000Z,Sat,M ST,WISCONSIN AVE,NW,Not at Inter,38.905177,-77.062811,Straight Hit Ped.,1,1,1,0,,46
-77.05701191,38.90523231,12024905,2012-02-21T00:00:00.000Z,Mon,M ST,TWENTY EIGHTH ST,NW,At Intersect,38.905232,-77.057012,Right Angle,1,2,1,0,,47
-76.96819474,38.85890656,12025853,2012-02-23T00:32:00.000Z,Wed,ALABAMA AVE,NAYLOR RD,SE,At Intersect,38.858907,-76.968195,Rear End,1,2,1,0,,48
-77.03214344,38.92376377,12026012,2012-02-23T10:20:00.000Z,Thu,FOURTEENTH ST,EUCLID ST,NW,Within 100ft,38.923764,-77.032143,Straight Hit Ped.,1,1,1,0,,49
-77.0384796,38.91409133,12026120,2012-02-23T16:00:00.000Z,Thu,S ST,SEVENTEENTH ST,NW,Within 100ft,38.914091,-77.03848,Parked Vehicle,1,2,1,0,,50
-77.02962137,38.91699928,12026135,2012-02-23T17:32:00.000Z,Thu,U ST,THIRTEENTH ST,NW,Within 100ft,38.916999,-77.029621,Side Swiped,1,2,1,0,,51
-77.00918587,38.90789443,12026231,2012-02-23T20:59:00.000Z,Thu,HANOVER PL,NORTH CAPITOL ST,BN,At Intersect,38.907894,-77.009186,Rear End,1,2,2,0,,52
-77.01620393,38.89978889,12026529,2012-02-24T13:48:00.000Z,Fri,FOURTH ST,H ST,NW,Not at Inter,38.899789,-77.016204,Other,1,2,1,0,,53
-77.03194927,38.9088381,12026759,2012-02-24T22:55:00.000Z,Fri,FOURTEENTH ST,RHODE ISLAND AVE,NW,Within 100ft,38.908838,-77.031949,Side Swiped,1,2,1,0,,54
-77.01628889,38.97501677,12028145,2012-02-27T23:15:00.000Z,Mon,CARROLL ST,CEDAR ST,NW,At Intersect,38.975017,-77.016289,Right Turn Hit Ped.,1,2,1,0,,55
-77.02703671,38.91699963,12028393,2012-02-28T13:43:00.000Z,Tue,ELEVENTH ST,U ST,NW,At Intersect,38.917,-77.027037,Head On,1,2,1,0,,56
-77.03645756,38.93045055,12029321,2012-03-01T13:00:00.000Z,Thu,SIXTEENTH ST,LAMONT ST,NW,At Intersect,38.930451,-77.036458,Side Swiped,1,2,1,0,,57
-77.02703801,38.92376696,12029481,2012-03-01T13:45:00.000Z,Thu,ELEVENTH ST,EUCLID ST,NW,Within 100ft,38.923767,-77.027038,Right Turn Hit Veh.,1,2,1,0,,58
-77.02705351,38.89473689,12029583,2012-03-01T23:35:00.000Z,Thu,PENNSYLVANIA AVE,ELEVENTH ST,NW,Not at Inter,38.894737,-77.027054,Left Turn Hit Veh.,1,2,1,0,,59
-77.02072315,38.92009988,12030545,2012-03-04T01:17:00.000Z,Sat,SIXTH ST,BRYANT ST,NW,At Intersect,38.9201,-77.020723,Head On,1,2,1,0,,60
-76.98830962,38.90132,12030566,2012-03-04T01:11:00.000Z,Sat,THIRTEENTH ST,I ST,NE,At Intersect,38.90132,-76.98831,Other,1,2,1,0,,61
-76.97963795,38.85730417,12030876,2012-03-04T18:53:00.000Z,Sun,SEVENTEENTH PL,ERIE ST,SE,Within 100ft,38.857304,-76.979638,VENTEENTH PL ERIE ST,0,2,1,0,,62
-77.01892766,38.90252149,12031218,2012-03-05T18:40:00.000Z,Mon,FIFTH ST,K ST,NW,Within 100ft,38.902521,-77.018928,Side Swiped,1,2,1,0,,63
-76.99152694,38.90251199,12031372,2012-03-06T01:07:00.000Z,Mon,K ST,ELEVENTH ST,NE,Not at Inter,38.902512,-76.991527,Side Swiped,0,2,1,0,,64
-77.04663532,38.90963991,12031881,2012-03-07T02:14:00.000Z,Tue,P ST,TWENTY FIRST ST,NW,Within 100ft,38.90964,-77.046635,Side Swiped,1,2,1,0,,65
-76.98512841,38.86677537,12031991,2012-03-07T12:40:00.000Z,Wed,GOOD HOPE RD,FOURTEENTH ST,SE,At Intersect,38.866775,-76.985128,Right Angle,1,2,1,0,,66
-77.04343566,38.91588843,12032625,2012-03-08T18:01:00.000Z,Thu,NINTEENTH ST,FLORIDA AVE,NW,At Intersect,38.915888,-77.043436,Head On,1,2,1,0,,67
-77.04268424,38.92266111,12033256,2012-03-09T22:20:00.000Z,Fri,EIGHTEENTH ST,COLUMBIA RD,NW,Within 100ft,38.922661,-77.042684,Side Swiped,1,2,1,0,,68
-77.03194856,38.91186824,12033437,2012-03-10T05:02:00.000Z,Sat,FOURTEENTH ST,CORCORAN ST,NW,At Intersect,38.911868,-77.031949,Left Turn Hit Veh.,0,1,1,0,,69
-77.01892882,38.91336133,12033485,2012-03-10T05:40:00.000Z,Sat,FIFTH ST,RHODE ISLAND AVE,NW,At Intersect,38.913361,-77.018929,Other,1,2,1,0,,70
-77.03194952,38.9037376,12034932,2012-03-13T13:31:00.000Z,Tue,FOURTEENTH ST,L ST,NW,Within 100ft,38.903738,-77.03195,Left Turn Hit Veh.,0,2,1,0,,71
-77.02397514,38.8938769,12034937,2012-03-08T14:20:00.000Z,Thu,PENNSYLVANIA AVE,NINTH ST,NW,Within 100ft,38.893877,-77.023975,Left Turn Hit Veh.,1,2,1,0,,72
-77.03196384,38.89209354,12034954,2012-03-13T14:57:00.000Z,Tue,FOURTEENTH ST,CONSTITUTION AVE,NW,Within 100ft,38.892094,-77.031964,Side Swiped,1,2,1,0,,73
-77.0219192,38.91112376,12035198,2012-03-13T23:10:00.000Z,Tue,SEVENTH ST,Q ST,NW,At Intersect,38.911124,-77.021919,19,0,2,1,0,,74
-77.03927495,38.9140919,12035617,2012-03-14T20:14:00.000Z,Wed,NEW HAMPSHIRE AVE,S ST,NW,At Intersect,38.914092,-77.039275,Other,1,2,1,0,,75
-77.04268424,38.92266111,12035787,2012-03-15T01:00:00.000Z,Wed,COLUMBIA RD,EIGHTEENTH ST,NW,Within 100ft,38.922661,-77.042684,Other,1,2,1,0,,76
-77.01991848,38.90146933,12036500,2012-03-16T12:06:00.000Z,Fri,SIXTH ST,MASSACHUSETTS AVE,NW,Within 100ft,38.901469,-77.019918,Right Turn Hit Ped.,1,2,1,0,,77
-77.02703896,38.9247649,12036983,2012-03-17T07:15:00.000Z,Sat,ELEVENTH ST,FAIRMONT ST,NW,Within 100ft,38.924765,-77.027039,Left Turn Hit Veh.,1,2,1,0,,78
-77.02962301,38.90483491,12037097,2012-03-17T17:11:00.000Z,Sat,THIRTEENTH ST,MASSACHUSETTS AVE,NW,Within 100ft,38.904835,-77.029623,Side Swiped,1,2,1,0,,79
-77.04342358,38.91557342,12037225,2012-03-17T22:42:00.000Z,Sat,NINTEENTH ST,T ST,NW,At Intersect,38.915573,-77.043424,Head On,1,2,1,0,,80
-76.99844562,38.90132409,12038720,2012-03-21T01:45:00.000Z,Tue,SIXTH ST,I ST,NE,At Intersect,38.901324,-76.998446,Right Angle,1,2,1,0,,81
-76.93100032,38.87602756,12038776,2012-03-21T02:51:00.000Z,Tue,SOUTHERN AVE,BENNING RD,SE,At Intersect,38.876028,-76.931,Straight Hit Ped.,0,1,1,0,,82
-76.95580324,38.88599746,12039151,2012-03-21T21:00:00.000Z,Wed,MINNESOTA AVE,C ST,SE,Within 100ft,38.885997,-76.955803,Straight Hit Ped.,0,1,1,0,,83
-77.01216026,38.90626902,12039545,2012-03-22T20:04:00.000Z,Thu,FIRST ST,NEW YORK AVE,NW,At Intersect,38.906269,-77.01216,Other,1,1,1,0,,84
-77.00056848,38.91810637,12039817,2012-03-23T05:27:00.000Z,Fri,FOURTH ST,V ST,NE,At Intersect,38.918106,-77.000568,Right Angle,0,2,1,0,,85
-77.04112541,38.90566381,12039917,2012-03-23T12:22:00.000Z,Fri,CONNECTICUT AVE,RHODE ISLAND AVE,NW,At Intersect,38.905664,-77.041125,Other,1,2,1,0,,86
-77.0417048,38.89959423,12039937,2012-03-23T13:05:00.000Z,Fri,EIGHTEENTH ST,PENNSYLVANIA AVE,NW,At Intersect,38.899594,-77.041705,Right Angle,1,2,1,0,,87
-76.98551102,38.88867167,12039999,2012-03-23T14:15:00.000Z,Fri,A ST,FOURTEENTH ST,SE,Within 100ft,38.888672,-76.985511,Head On,0,1,1,0,,88
-77.00203811,38.89733572,12040050,2012-03-23T16:50:00.000Z,Fri,F ST,THIRD ST,NE,At Intersect,38.897336,-77.002038,Straight Hit Ped.,1,1,1,0,,89
-77.00204047,38.87928572,12041421,2012-03-26T13:23:00.000Z,Mon,THIRD ST,I ST,SE,At Intersect,38.879286,-77.00204,Left Turn Hit Ped.,1,1,1,0,,90
,,12041481,2012-03-26T15:42:00.000Z,Mon,FIFTH ST,OLGATHORPE ST,NW,Not at Inter,,,Right Angle,1,2,1,0,1,91
-76.99352969,38.90372816,12041482,2012-03-26T15:37:00.000Z,Mon,WEST VIRGINIA AVE,L ST,NE,Within 100ft,38.903728,-76.99353,Straight Hit Ped.,0,1,1,0,,92
-77.03194927,38.9088381,12041486,2012-03-26T13:50:00.000Z,Mon,FOURTEENTH ST,RHODE ISLAND AVE,NW,Not at Inter,38.908838,-77.031949,Other,1,1,1,0,,93
-77.00905089,38.9107951,12041721,2012-03-27T00:30:00.000Z,Mon,FLORIDA AVE,NORTH CAPITOL ST,BN,At Intersect,38.910795,-77.009051,Right Turn Hit Veh.,1,2,1,0,,94
-77.00203819,38.90020344,12042553,2012-03-28T19:45:00.000Z,Wed,THIRD ST,H ST,NE,At Intersect,38.900203,-77.002038,Side Swiped,1,1,1,0,,95
-77.00728154,38.95517078,12042556,2012-03-28T21:10:00.000Z,Wed,RIGGS RD,ROCK CREEK CHURCH RD,NE,At Intersect,38.955171,-77.007282,Right Angle,0,2,1,0,,96
-77.03364923,38.89640285,12042639,2012-03-28T23:39:00.000Z,Wed,PENNSYLVANIA AVE,FIFTEENTH ST,NW,Within 100ft,38.896403,-77.033649,Left Turn Hit Veh.,1,2,1,0,,97
-77.0493408,38.90963539,12042920,2012-03-29T14:30:00.000Z,Thu,TWENTY THIRD ST,P ST,NW,Within 100ft,38.909635,-77.049341,Rear End,0,2,1,0,,98
-77.01892571,38.89612816,12043156,2012-03-29T23:20:00.000Z,Thu,E ST,FIFTH ST,NW,Within 100ft,38.896128,-77.018926,Parked Vehicle,1,1,1,0,,99
-77.03195506,38.89549897,12044068,2012-03-31T20:35:00.000Z,Sat,FOURTEENTH ST,PENNSYLVANIA AVE,NW,At Intersect,38.895499,-77.031955,Side Swiped,1,2,1,0,,100
-77.00056949,38.91975505,12044932,2012-04-02T22:00:00.000Z,Mon,RHODE ISLAND AVE,FOURTH ST,NE,Not at Inter,38.919755,-77.000569,Rear End,0,2,1,0,,101
-76.99666205,38.84007726,12044957,2012-04-02T22:45:00.000Z,Mon,SEVENTH ST,OXON RUN RD,SE,Not at Inter,38.840077,-76.996662,VENTH ST OXON RUN RD,1,1,1,0,,102
-77.03765615,38.90763233,12045434,2012-04-03T22:04:00.000Z,Tue,MASSACHUSETTS AVE,BATAAN ST,NW,Not at Inter,38.907632,-77.037656,Right Angle,1,2,1,0,,103
-76.94916035,38.89513338,12045446,2012-04-03T22:48:00.000Z,Tue,BENNING RD,MINNESOTA AVE,NE,Within 100ft,38.895133,-76.94916,SOTA AVE,1,1,1,0,,104
-76.99849762,38.83008215,12045485,2012-04-04T00:08:00.000Z,Tue,BRANDYWINE ST,SIXTH ST,SE,Not at Inter,38.830082,-76.998498,Other,1,1,1,0,,105
-77.03363159,38.90251853,12045751,2012-04-04T15:49:00.000Z,Wed,K ST,VERMONT AVE,NW,Within 100ft,38.902519,-77.033632,Other,1,1,1,0,,106
-77.02962613,38.90252273,12046292,2012-04-05T16:07:00.000Z,Thu,THIRTEENTH ST,K ST,NW,At Intersect,38.902523,-77.029626,Left Turn Hit Veh.,1,2,1,0,,107
-77.01991848,38.90146933,12046529,2012-04-05T23:46:00.000Z,Thu,SIXTH ST,MASSACHUSETTS AVE,NW,At Intersect,38.901469,-77.019918,Side Swiped,1,2,1,0,,108
-77.01242901,38.95230833,12046766,2012-04-06T12:58:00.000Z,Fri,NEW HAMPSHIRE AVE,GALLATIN ST,NW,At Intersect,38.952308,-77.012429,Left Turn Hit Veh.,1,2,1,0,,109
-77.029725,38.93628515,12046793,2012-04-06T13:59:00.000Z,Fri,THIRTEENTH ST,SPRING RD,NW,At Intersect,38.936285,-77.029725,Other,1,2,1,0,,110
-77.04370407,38.92111063,12046806,2012-04-06T14:28:00.000Z,Fri,COLUMBIA RD,MINTWOOD PL,NW,Within 100ft,38.921111,-77.043704,Side Swiped,1,2,1,0,,111
-77.0731619,38.92861158,12046910,2012-04-06T19:56:00.000Z,Fri,MASSACHUSETTS AVE,WISCONSIN AVE,NW,Within 100ft,38.928612,-77.073162,Straight Hit Ped.,1,2,1,0,,112
-77.0239891,38.90208916,12046971,2012-04-06T20:55:00.000Z,Fri,NINTH ST,K ST,NW,At Intersect,38.902089,-77.023989,Other,0,1,1,0,,113
-76.98344242,38.90013109,12047446,2012-04-07T17:46:00.000Z,Sat,BLADENSBURG RD,FIFTEENTH ST,NE,Within 100ft,38.900131,-76.983442,Right Turn Hit Ped.,1,2,1,0,,114
-76.98678128,38.90761749,12047522,2012-04-07T21:38:00.000Z,Sat,MONTELLO AVE,HOLBROOK TERR,NE,At Intersect,38.907617,-76.986781,Straight Hit Ped.,1,1,1,0,,115
-77.08182962,38.93493994,12048339,2012-04-09T20:00:00.000Z,Mon,MASSACHUSETTS AVE,EMBASSY PARK DR,NW,At Intersect,38.93494,-77.08183,Right Turn Hit Veh.,1,2,1,0,,116
-77.00777834,38.89686039,12048485,2012-04-10T01:48:00.000Z,Mon,FIRST ST,MASSACHUSETTS AVE,NE,At Intersect,38.89686,-77.007778,Other,1,1,1,0,,117
-77.05908413,38.91831378,12048497,2012-04-10T02:37:00.000Z,Mon,MASSACHUSETTS AVE,ROCK CREEK DR,NW,At Intersect,38.918314,-77.059084,Right Turn Hit Ped.,1,1,1,0,,118
-77.03653852,38.90373933,12048832,2012-04-10T22:47:00.000Z,Tue,SIXTEENTH ST,L ST,NW,At Intersect,38.903739,-77.036539,Left Turn Hit Veh.,1,1,1,0,,119
-77.01215693,38.91211691,12048904,2012-04-10T23:40:00.000Z,Tue,FIRST ST,FLORIDA AVE,NW,At Intersect,38.912117,-77.012157,Left Turn Hit Ped.,1,1,1,0,,120
-77.01990538,38.89613007,12048946,2012-04-11T01:40:00.000Z,Tue,SIXTH ST,E ST,NW,At Intersect,38.89613,-77.019905,Left Turn Hit Ped.,1,1,1,0,,121
-77.02377331,38.93281057,12049092,2012-04-11T11:45:00.000Z,Wed,GEORGIA AVE,PARK RD,NW,At Intersect,38.932811,-77.023773,Side Swiped,0,2,1,0,,122
-77.00351948,38.88761401,12049420,2012-04-12T01:31:00.000Z,Wed,PENNSYLVANIA AVE,INDEPENDENCE AVE,SE,Within 100ft,38.887614,-77.003519,Side Swiped,1,2,1,0,,123
-77.00713447,38.91746684,12049600,2012-04-12T13:56:00.000Z,Thu,RHODE ISLAND AVE,LINCOLN RD,NE,Within 100ft,38.917467,-77.007134,Side Swiped,1,1,1,0,,124
-77.03850956,38.90252354,12050138,2012-04-13T15:20:00.000Z,Fri,K ST,SEVENTEENTH ST,NW,Not at Inter,38.902524,-77.03851,Side Swiped,0,2,1,0,,125
-77.0607342,38.93938975,12050337,2012-04-13T22:55:00.000Z,Fri,CONNECTICUT AVE,SEDGWICK ST,NW,At Intersect,38.93939,-77.060734,Right Angle,1,2,1,0,,126
-77.03455674,38.90964928,12050385,2012-04-14T00:25:00.000Z,Fri,P ST,FIFTEENTH ST,NW,Not at Inter,38.909649,-77.034557,Left Turn Hit Ped.,0,1,1,0,,127
-77.0319553,38.89831692,12051240,2012-04-15T17:40:00.000Z,Sun,FOURTEENTH ST,G ST,NW,Within 100ft,38.898317,-77.031955,Right Angle,1,1,1,0,,128
-77.03195506,38.89549897,12052093,2012-04-17T16:21:00.000Z,Tue,FOURTEENTH ST,PENNSYLVANIA AVE,NW,At Intersect,38.895499,-77.031955,19,1,0,1,0,,129
-77.04086893,38.9201966,12052186,2012-04-16T01:30:00.000Z,Sun,CHAMPLAIN ST,KALORAMA RD,NW,Not at Inter,38.920197,-77.040869,19,1,1,1,0,,130
-77.02396682,38.9116154,12052250,2012-04-17T22:08:00.000Z,Tue,NINTH ST,RHODE ISLAND AVE,NW,At Intersect,38.911615,-77.023967,19,1,2,1,0,,131
-77.0259392,38.92685409,12052349,2012-04-18T01:53:00.000Z,Tue,HARVARD ST,SHERMAN AVE,NW,At Intersect,38.926854,-77.025939,19,1,2,1,0,,132
-77.05626079,38.93169575,12052372,2012-04-18T01:53:00.000Z,Tue,CONNECTICUT AVE,DEVONSHIRE PL,NW,At Intersect,38.931696,-77.056261,Left Turn Hit Veh.,0,2,1,0,,133
-77.04882375,38.90069209,12053430,2012-04-20T03:50:00.000Z,Thu,TWENTY SECOND ST,I ST,NW,At Intersect,38.900692,-77.048824,Other,0,2,1,0,,134
-77.02818658,38.89046101,12053801,2012-04-20T22:25:00.000Z,Fri,MADISON DR,TWELFTH ST,NW,Within 100ft,38.890461,-77.028187,19,1,3,1,0,,135
-77.02205749,38.92096281,12054141,2012-04-21T11:09:00.000Z,Sat,GEORGIA AVE,BARRY PL,NW,Not at Inter,38.920963,-77.022057,Left Turn Hit Ped.,1,1,1,0,,136
-77.03197245,38.88860766,12054310,2012-04-21T18:39:00.000Z,Sat,FOURTEENTH ST,JEFFERSON DR,SW,At Intersect,38.888608,-77.031972,19,1,2,1,0,,137
-77.04878977,38.91150118,12055094,2012-04-23T14:19:00.000Z,Mon,FLORIDA AVE,MASSACHUSETTS AVE,NW,Within 100ft,38.911501,-77.04879,19,1,3,1,0,,138
-77.03946035,38.89881381,12055168,2012-04-23T18:25:00.000Z,Mon,SEVENTEENTH ST,PENNSYLVANIA AVE,NW,At Intersect,38.898814,-77.03946,Left Turn Hit Veh.,0,2,1,0,,139
-77.0663903,38.9314673,12055461,2012-04-24T12:45:00.000Z,Tue,WOODLEY RD,THIRTY FOURTH ST,NW,At Intersect,38.931467,-77.06639,Left Turn Hit Veh.,1,2,1,0,,140
-77.04665258,38.90131844,12055679,2012-04-24T21:23:00.000Z,Tue,PENNSYLVANIA AVE,I ST,NW,Within 100ft,38.901318,-77.046653,19,1,2,1,0,,141
-77.02189334,38.91626167,12055924,2012-04-25T05:30:00.000Z,Wed,GEORGIA AVE,FLORIDA AVE,NW,At Intersect,38.916262,-77.021893,19,1,2,1,0,,142
-77.04663186,38.91260985,12056216,2012-04-25T21:49:00.000Z,Wed,TWENTY FIRST ST,R ST,NW,At Intersect,38.91261,-77.046632,19,1,1,1,0,,143
-77.03195506,38.89549897,12056528,2012-04-26T14:31:00.000Z,Thu,FOURTEENTH ST,PENNSYLVANIA AVE,NW,Not at Inter,38.895499,-77.031955,19,1,1,1,0,,144
-77.07553779,38.91262092,12056929,2012-04-27T04:50:00.000Z,Thu,RESERVOIR RD,THIRTY NINTH ST,NW,N/A,38.912621,-77.075538,19,1,1,1,0,,145
-77.04663136,38.91074949,12057841,2012-04-28T21:42:00.000Z,Sat,TWENTY FIRST ST,MASSACHUSETTS AVE,NW,At Intersect,38.910749,-77.046631,19,1,2,1,0,,146
-77.03885021,38.9145427,12058563,2012-04-30T13:44:00.000Z,Mon,NEW HAMPSHIRE AVE,SWANN ST,NW,At Intersect,38.914543,-77.03885,19,0,1,1,0,,147
-77.04488672,38.91014197,12059353,2012-05-02T01:19:00.000Z,Tue,MASSACHUSETTS AVE,TWENTIETH ST,NW,At Intersect,38.910142,-77.044887,Right Angle,1,2,1,0,,148
-77.01416843,38.9037391,12059452,2012-05-02T04:10:00.000Z,Tue,L ST,NEW JERSEY AVE,NW,Within 100ft,38.903739,-77.014168,Side Swiped,1,1,1,0,,149
-77.01802694,38.92036094,12060023,2012-05-03T13:50:00.000Z,Thu,FOURTH ST,BRYANT ST,NW,At Intersect,38.920361,-77.018027,Head On,1,2,1,0,,150
-77.0106471,38.87841009,12060056,2012-05-03T16:50:00.000Z,Thu,HALF ST,K ST,SW,At Intersect,38.87841,-77.010647,Right Angle,1,2,1,0,,151
-77.02962047,38.905648,12060521,2012-05-04T12:34:00.000Z,Fri,THIRTEENTH ST,M ST,NW,Not at Inter,38.905648,-77.02962,19,1,1,1,0,,152
-77.02962301,38.90483491,12060595,2012-05-04T15:36:00.000Z,Fri,THIRTEENTH ST,MASSACHUSETTS AVE,NW,At Intersect,38.904835,-77.029623,Right Angle,1,2,1,0,,153
-77.03946035,38.89881381,12060722,2012-05-04T21:01:00.000Z,Fri,PENNSYLVANIA AVE,SEVENTEENTH ST,NW,Not at Inter,38.898814,-77.03946,19,2,0,1,0,,154
-77.02252289,38.92418347,12061548,2012-05-06T03:20:00.000Z,Sat,EUCLID ST,GEORGIA AVE,NW,At Intersect,38.924183,-77.022523,19,1,2,1,0,,155
-77.0649042,38.9103608,12061829,2012-05-06T18:25:00.000Z,Sun,WISCONSIN AVE,Q ST,NW,Not at Inter,38.910361,-77.064904,19,2,1,1,0,,156
-77.02826037,38.93182109,12062109,2012-05-07T12:50:00.000Z,Mon,ELEVENTH ST,PARK RD,NW,At Intersect,38.931821,-77.02826,19,1,2,1,0,,157
-77.0672241,38.92443979,12062346,2012-05-07T21:59:00.000Z,Mon,MASSACHUSETTS AVE,OBSERVATORY CIR,NW,Within 100ft,38.92444,-77.067224,19,1,2,1,0,,158
-77.00203314,38.91699373,12062362,2012-05-07T23:01:00.000Z,Mon,THIRD ST,U ST,NE,Not at Inter,38.916994,-77.002033,19,1,1,1,0,,159
-77.01544058,38.90723517,12062651,2012-05-08T14:40:00.000Z,Tue,NEW JERSEY AVE,N ST,NW,Within 100ft,38.907235,-77.015441,Rear End,1,2,1,0,,160
-77.02703095,38.90110292,12062733,2012-05-08T17:49:00.000Z,Tue,ELEVENTH ST,NEW YORK AVE,NW,At Intersect,38.901103,-77.027031,Left Turn Hit Veh.,1,2,1,0,,161
-77.03273022,38.93707861,12062940,2012-05-08T23:30:00.000Z,Tue,FOURTEENTH ST,SPRING RD,NW,Within 100ft,38.937079,-77.03273,19,1,2,1,0,,162
-77.07143513,38.92013456,12063443,2012-05-09T21:10:00.000Z,Wed,WISCONSIN AVE,HALL PL,NW,Within 100ft,38.920135,-77.071435,Straight Hit Ped.,2,1,1,0,,163
-76.97220191,38.85129555,12063471,2012-05-09T22:35:00.000Z,Wed,ALABAMA AVE,TWENTY FOURTH ST,SE,At Intersect,38.851296,-76.972202,19,1,2,1,0,,164
-77.02703942,38.91054823,12064146,2012-05-11T03:45:00.000Z,Thu,RHODE ISLAND AVE,ELEVENTH ST,NW,At Intersect,38.910548,-77.027039,19,1,2,1,0,,165
-76.99496232,38.88980625,12064339,2012-05-11T16:10:00.000Z,Fri,EAST CAPITOL ST,EIGHTH ST,BN,At Intersect,38.889806,-76.994962,Right Turn Hit Ped.,0,2,1,0,,166
-77.03086916,38.93197348,12064441,2012-05-11T20:30:00.000Z,Fri,HOLMEAD PL,MONROE ST,NW,At Intersect,38.931973,-77.030869,19,1,1,1,0,,167
-77.01517801,38.88756661,12065522,2012-05-10T00:10:00.000Z,Wed,INDEPENDENCE AVE,THIRD ST,SW,Within 100ft,38.887567,-77.015178,Side Swiped,1,2,1,0,,168
-77.06113491,38.90259405,12065606,2012-05-13T22:44:00.000Z,Sun,THIRTY FIRST ST,K ST,NW,Within 100ft,38.902594,-77.061135,Straight Hit Ped.,1,1,1,0,,169
-77.03453217,38.91700243,12065607,2012-05-13T22:30:00.000Z,Sun,FIFTEENTH ST,U ST,NW,At Intersect,38.917002,-77.034532,19,0,2,1,0,,170
-77.0280722,38.90074455,12065955,2012-05-14T18:00:00.000Z,Mon,TWELFTH ST,NEW YORK AVE,NW,At Intersect,38.900745,-77.028072,Head On,0,2,1,0,,171
-77.07241146,38.94552955,12067129,2012-05-16T22:45:00.000Z,Wed,WINDOM PL,THIRTY SEVENTH ST,NW,At Intersect,38.94553,-77.072411,Straight Hit Ped.,0,1,1,0,,172
-77.02191861,38.9123131,12067175,2012-05-16T23:59:00.000Z,Wed,SEVENTH ST,RHODE ISLAND AVE,NW,Within 100ft,38.912313,-77.021919,19,1,1,1,0,,173
-77.07289206,38.93551635,12067393,2012-05-17T12:57:00.000Z,Thu,NORTON PL,WISCONSIN AVE,NW,At Intersect,38.935516,-77.072892,19,1,1,1,0,,174
-77.0652139,38.90597864,12067656,2012-05-17T22:15:00.000Z,Thu,POTOMAC ST,PROSPECT ST,NW,Within 100ft,38.905979,-77.065214,19,1,0,1,0,,175
-76.98221366,38.89611708,12067773,2012-05-18T01:51:00.000Z,Thu,SIXTEENTH ST,E ST,NE,At Intersect,38.896117,-76.982214,Right Angle,1,2,1,0,,176
-77.05010883,38.90526312,12067969,2012-05-18T14:30:00.000Z,Fri,TWENTY THIRD ST,M ST,NW,At Intersect,38.905263,-77.050109,Right Turn Hit Veh.,1,2,1,0,,177
-77.00999372,38.8920801,12068153,2012-05-18T22:03:00.000Z,Fri,CONSTITUTION AVE,NEW JERSEY AVE,NW,Within 100ft,38.89208,-77.009994,19,1,2,1,0,,178
,,12068199,2012-05-18T22:50:00.000Z,Fri,VIRGINIA AVE,,NW,Within 100ft,,,Head On,1,2,1,0,1,179
-77.02599037,38.91408294,12069283,2012-05-20T20:31:00.000Z,Sun,S ST,TENTH ST,NW,Within 100ft,38.914083,-77.02599,Side Swiped,1,2,1,0,,180
-76.98076536,38.88535176,12069401,2012-05-21T01:30:00.000Z,Sun,SEVENTEENTH ST,C ST,SE,At Intersect,38.885352,-76.980765,VENTEENTH ST C ST,0,1,1,0,,181
-77.02963309,38.89544695,12069617,2012-05-21T14:10:00.000Z,Mon,PENNSYLVANIA AVE,THIRTEENTH ST,NW,Within 100ft,38.895447,-77.029633,Right Angle,0,2,1,0,,182
-77.02703545,38.91367574,12070260,2012-05-22T20:49:00.000Z,Tue,ELEVENTH ST,VERMONT AVE,NW,At Intersect,38.913676,-77.027035,,0,2,1,0,,183
-77.02703612,38.92242805,12070264,2012-05-22T20:20:00.000Z,Tue,ELEVENTH ST,CLIFTON ST,NW,Within 100ft,38.922428,-77.027036,Left Turn Hit Veh.,1,2,1,0,,184
-77.04723483,38.91774014,12070411,2012-05-23T00:00:00.000Z,Tue,CONNECTICUT AVE,WYOMING AVE,NW,Within 100ft,38.91774,-77.047235,Side Swiped,0,2,1,0,,185
-77.01217109,38.90251671,12070460,2012-05-23T01:49:00.000Z,Tue,FIRST ST,K ST,NW,At Intersect,38.902517,-77.012171,Left Turn Hit Ped.,1,1,1,0,,186
-77.03364364,38.89831461,12070550,2012-05-23T04:44:00.000Z,Tue,FIFTEENTH ST,G ST,NW,At Intersect,38.898315,-77.033644,Straight Hit Ped.,1,2,1,0,,187
-77.00591577,38.88981216,12071258,2012-05-24T16:41:00.000Z,Thu,FIRST ST,EAST CAPITOL ST,BN,At Intersect,38.889812,-77.005916,Side Swiped,1,2,1,0,,188
,,12071375,2012-05-24T20:00:00.000Z,Thu,JEFFERSON ST,,SW,Not at Inter,,,Side Swiped,0,2,1,0,1,189
-76.97127949,38.9314197,12118278,2012-08-21T22:33:00.000Z,Tue,BRENTWOOD RD,RHODE ISLAND AVE,NE,At Intersect,38.93142,-76.971279,Straight Hit Ped.,1,1,1,0,,190
-77.04041287,38.92662648,12071395,2012-05-23T00:00:00.000Z,Tue,QUARRY RD,SUMMIT PL,NW,Within 100ft,38.926626,-77.040413,Side Swiped,0,2,1,0,,191
-77.02967668,38.92049913,12118374,2012-08-22T03:07:00.000Z,Tue,FLORIDA AVE,THIRTEENTH ST,NW,Within 100ft,38.920499,-77.029677,19,1,2,1,0,,192
-77.05140655,38.90724327,12071846,2012-05-24T19:00:00.000Z,Thu,TWENTY FOURTH ST,N ST,NW,At Intersect,38.907243,-77.051407,19,0,2,1,0,,193
-77.07294986,38.91873472,12118493,2012-08-22T11:40:00.000Z,Wed,THIRTY SEVENTH ST,MANOR PL,NW,At Intersect,38.918735,-77.07295,Left Turn Hit Ped.,1,1,1,0,,194
-77.0416885,38.90252519,12071854,2012-05-25T16:45:00.000Z,Fri,EIGHTEENTH ST,K ST,NW,At Intersect,38.902525,-77.041689,Right Angle,1,2,1,0,,195
-76.9937695,38.87647465,12118668,2012-08-22T20:27:00.000Z,Wed,NINTH ST,M ST,SE,At Intersect,38.876475,-76.993769,Right Angle,1,2,1,0,,196
-77.0319407,38.92006438,12071858,2012-05-25T17:00:00.000Z,Fri,FOURTEENTH ST,FLORIDA AVE,NW,At Intersect,38.920064,-77.031941,Left Turn Hit Veh.,1,2,1,0,,197
-77.01990079,38.91303697,12119043,2012-08-23T14:25:00.000Z,Thu,RHODE ISLAND AVE,SIXTH ST,NW,At Intersect,38.913037,-77.019901,Right Angle,1,2,1,0,,198
-77.02802903,38.95621648,12071923,2012-05-25T19:43:00.000Z,Fri,GEORGIA AVE,KENNEDY ST,NW,At Intersect,38.956216,-77.028029,19,1,2,1,0,,199
-77.03795514,38.90020187,12119064,2012-08-23T15:10:00.000Z,Thu,H ST,CONNECTICUT AVE,NW,At Intersect,38.900202,-77.037955,Right Angle,1,1,1,0,,200
-76.9883083,38.90020152,12072094,2012-05-26T00:50:00.000Z,Fri,THIRTEENTH ST,H ST,NE,At Intersect,38.900202,-76.988308,Straight Hit Ped.,1,2,1,0,,201
-77.03270925,38.93134681,12119236,2012-08-23T21:30:00.000Z,Thu,FOURTEENTH ST,MONROE ST,NW,Not at Inter,38.931347,-77.032709,Parked Vehicle,1,2,1,0,,202
-77.06529577,38.90512539,12119308,2012-08-24T00:06:00.000Z,Thu,M ST,POTOMAC ST,NW,At Intersect,38.905125,-77.065296,19,0,1,1,0,,203
-77.03195258,38.91260629,12072950,2012-05-27T14:20:00.000Z,Sun,FOURTEENTH ST,R ST,NW,At Intersect,38.912606,-77.031953,Other,1,2,1,0,,204
-77.0239553,38.91699049,12073030,2012-05-27T19:35:00.000Z,Sun,FLORIDA AVE,NINTH ST,NW,N/A,38.91699,-77.023955,Fixed Object,1,1,1,0,,205
-77.05918487,38.90683677,12119819,2012-08-24T22:24:00.000Z,Fri,THIRTIETH ST,N ST,NW,At Intersect,38.906837,-77.059185,19,1,2,1,0,,206
-77.02231304,38.95637653,12073081,2012-05-27T21:25:00.000Z,Sun,KENNEDY ST,SEVENTH ST,NW,Within 100ft,38.956377,-77.022313,Right Turn Hit Veh.,0,1,1,0,,207
-77.00589703,38.88761267,12119843,2012-08-25T00:17:00.000Z,Fri,INDEPENDENCE AVE,FIRST ST,SE,At Intersect,38.887613,-77.005897,Right Angle,1,2,1,0,,208
-77.03652372,38.90964228,12120659,2012-08-26T14:46:00.000Z,Sun,P ST,SIXTEENTH ST,NW,Not at Inter,38.909642,-77.036524,Side Swiped,2,3,2,0,,209
-77.03850093,38.9056523,12073834,2012-05-29T15:06:00.000Z,Tue,SEVENTEENTH ST,M ST,NW,Within 100ft,38.905652,-77.038501,19,1,2,1,0,,210
-76.94811302,38.86888519,12073882,2012-05-29T18:30:00.000Z,Tue,ALABAMA AVE,Q ST,SE,At Intersect,38.868885,-76.948113,Right Angle,0,2,1,0,,211
-77.03195183,38.90964795,12120680,2012-08-26T15:49:00.000Z,Sun,P ST,FOURTEENTH ST,NW,Within 100ft,38.909648,-77.031952,19,1,2,1,0,,212
-77.00817142,38.89203042,12120897,2012-08-27T03:41:00.000Z,Sun,DELAWARE AVE,CONSTITUTION AVE,NE,At Intersect,38.89203,-77.008171,Right Turn Hit Veh.,1,2,1,0,,213
-77.01989893,38.90724062,12074226,2012-05-30T13:09:00.000Z,Wed,N ST,SIXTH ST,NW,Within 100ft,38.907241,-77.019899,,1,1,1,0,,214
-77.03654205,38.90252553,12074266,2012-05-30T15:31:00.000Z,Wed,SIXTEENTH ST,K ST,NW,At Intersect,38.902526,-77.036542,Straight Hit Ped.,1,2,1,0,,215
-76.96777081,38.87230798,12121183,2012-08-27T20:30:00.000Z,Mon,TWENTY EIGHTH ST,PENNSYLVANIA AVE,SE,Within 100ft,38.872308,-76.967771,Back Hit Moving Veh.,3,3,1,0,,216
-77.02189334,38.91626167,12074484,2012-05-30T21:30:00.000Z,Wed,GEORGIA AVE,FLORIDA AVE,NW,At Intersect,38.916262,-77.021893,Right Turn Hit Veh.,1,2,1,0,,217
-77.03194952,38.9037376,12121569,2012-08-28T16:24:00.000Z,Tue,FOURTEENTH ST,L ST,NW,Within 100ft,38.903738,-77.03195,Side Swiped,1,3,1,0,,218
-77.02485351,38.88031398,12121659,2012-08-28T20:24:00.000Z,Tue,MAINE AVE,NINTH ST,SW,Not at Inter,38.880314,-77.024854,Right Angle,0,2,1,0,,219
-77.00338542,38.90837735,12074489,2012-05-30T21:41:00.000Z,Wed,SECOND ST,FLORIDA AVE,NE,At Intersect,38.908377,-77.003385,19,0,2,1,0,,220
-77.03213102,38.94398066,12074824,2012-05-31T12:47:00.000Z,Thu,ARKANSAS AVE,WEBSTER ST,NW,At Intersect,38.943981,-77.032131,Right Turn Hit Veh.,1,2,1,0,,221
-77.0239553,38.91699049,12122307,2012-08-29T22:59:00.000Z,Wed,NINTH ST,U ST,NW,Within 100ft,38.91699,-77.023955,Side Swiped,1,2,1,0,,222
-76.978994,38.90082918,12075013,2012-05-31T21:14:00.000Z,Thu,SEVENTEENTH ST,I ST,NE,At Intersect,38.900829,-76.978994,Straight Hit Ped.,1,1,1,0,,223
-76.97908719,38.90674246,12122689,2012-08-30T17:50:00.000Z,Thu,BLADENSBURG RD,MOUNT OLIVET RD,NE,At Intersect,38.906742,-76.979087,Right Angle,0,2,1,0,,224
-77.01893242,38.90417434,12075129,2012-05-31T23:32:00.000Z,Thu,FIFTH ST,L ST,NW,Within 100ft,38.904174,-77.018932,Side Swiped,1,3,1,0,,225
-77.03274852,38.9302311,12122704,2012-08-30T18:45:00.000Z,Thu,PARK RD,FOURTEENTH ST,NW,Not at Inter,38.930231,-77.032749,Parked Vehicle,1,2,1,0,,226
-76.99375699,38.88980421,12122907,2012-08-31T00:39:00.000Z,Thu,EAST CAPITOL ST,NINTH ST,BN,At Intersect,38.889804,-76.993757,19,1,1,1,0,,227
-77.00201742,38.90779658,12075609,2012-06-01T21:50:00.000Z,Fri,FLORIDA AVE,THIRD ST,NE,Within 100ft,38.907797,-77.002017,19,1,2,1,0,,228
-77.07285604,38.91651828,12076138,2012-06-02T22:05:00.000Z,Sat,THIRTY SEVENTH ST,WHITEHAVEN PKWY,NW,At Intersect,38.916518,-77.072856,Side Swiped,1,1,1,0,,229
-77.03639601,38.95928364,12122998,2012-08-31T02:50:00.000Z,Thu,SIXTEENTH ST,MONTAGUE ST,NW,Within 100ft,38.959284,-77.036396,Other,1,2,1,0,,230
-76.98639297,38.89891939,12076430,2012-06-03T07:15:00.000Z,Sun,MARYLAND AVE,ELLIOTT ST,NE,Within 100ft,38.898919,-76.986393,Straight Hit Ped.,1,1,1,0,,231
-77.03648939,38.92096451,12123241,2012-08-31T17:51:00.000Z,Fri,SIXTEENTH ST,CRESCENT PL,NW,Within 100ft,38.920965,-77.036489,Side Swiped,1,2,1,0,,232
-77.00908454,38.87203244,12076686,2012-06-03T21:28:00.000Z,Sun,P ST,SOUTH CAPITOL ST,BN,At Intersect,38.872032,-77.009085,19,1,2,1,0,,233
,,12123436,2012-08-31T23:19:00.000Z,Fri,SEVENTH ST,,SE,N/A,,,VENTH ST MONTEREY LN,1,1,1,0,1,234
-77.05771776,38.92321287,12076744,2012-06-04T00:40:00.000Z,Sun,CLEVELAND AVE,CALVERT ST,NW,At Intersect,38.923213,-77.057718,Right Turn Hit Veh.,1,2,1,0,,235
-77.02421004,38.93576169,12123472,2012-09-01T01:21:00.000Z,Fri,GEORGIA AVE,QUEBEC PL,NW,At Intersect,38.935762,-77.02421,19,1,2,1,0,,236
-77.07465228,38.9510749,12076764,2012-06-03T02:30:00.000Z,Sat,THIRTY EIGHTH ST,NEBRASKA AVE,NW,At Intersect,38.951075,-77.074652,Side Swiped,1,2,1,0,,237
-77.02189334,38.91626167,12123487,2012-09-01T02:15:00.000Z,Fri,SEVENTH ST,FLORIDA AVE,NW,At Intersect,38.916262,-77.021893,Side Swiped,0,2,1,0,,238
-77.0649042,38.9103608,12077425,2012-06-05T13:45:00.000Z,Tue,WISCONSIN AVE,Q ST,NW,Not at Inter,38.910361,-77.064904,Rear End,1,2,1,0,,239
-77.04268424,38.92266111,12123624,2012-09-01T06:53:00.000Z,Sat,ADAMS MILL RD,EIGHTEENTH ST,NW,Within 100ft,38.922661,-77.042684,Side Swiped,1,1,1,0,,240
-77.03648819,38.92652562,12077431,2012-06-05T14:01:00.000Z,Tue,COLUMBIA RD,SIXTEENTH ST,NW,Within 100ft,38.926526,-77.036488,Rear End,0,1,1,0,,241
-77.04488677,38.90964313,12123718,2012-09-01T12:27:00.000Z,Sat,P ST,TWENTIETH ST,NW,Within 100ft,38.909643,-77.044887,19,1,1,1,0,,242
-76.99360194,38.83987679,12077714,2012-06-05T23:33:00.000Z,Tue,WHEELER RD,UPSAL ST,SE,At Intersect,38.839877,-76.993602,19,1,2,1,0,,243
-77.02809603,38.89501891,12124677,2012-09-03T19:20:00.000Z,Mon,PENNSYLVANIA AVE,TWELFTH ST,NW,Within 100ft,38.895019,-77.028096,Other,1,2,1,0,,244
,,12078154,2012-06-06T20:05:00.000Z,Wed,M ST,FBI:KEY BRIDGE,NW,Within 100ft,,,Rear End,1,2,1,0,1,245
-77.02598326,38.90564382,12125011,2012-09-04T12:53:00.000Z,Tue,M ST,TENTH ST,NW,Within 100ft,38.905644,-77.025983,19,1,2,1,0,,246
,,12125323,2012-09-04T23:37:00.000Z,Tue,FBI:DC 295 PENNSYLVANIA AVE,,SE,Not at Inter,,,Right Turn Hit Ped.,1,1,1,0,1,247
-77.03264713,38.8838269,12078669,2012-06-07T18:49:00.000Z,Thu,MAINE AVE,FOURTEENTH ST,SW,At Intersect,38.883827,-77.032647,Right Turn Hit Ped.,1,1,1,0,,248
-77.0239677,38.91408611,12078769,2012-06-07T21:59:00.000Z,Thu,NINTH ST,S ST,NW,Not at Inter,38.914086,-77.023968,Head On,1,2,1,0,,249
,,12125673,2012-09-05T18:13:00.000Z,Wed,CONNECTICUT AVNUE M ST,,,Within 100ft,,,C,1,2,1,0,1,250
-77.05771776,38.92321287,12078833,2012-06-08T00:03:00.000Z,Thu,CLEVELAND AVE,CALVERT ST,NW,At Intersect,38.923213,-77.057718,Right Angle,1,2,1,0,,251
-76.98082916,38.90568446,12126267,2012-09-06T20:57:00.000Z,Thu,SIXTEENTH ST,MEIGS PL,NE,At Intersect,38.905684,-76.980829,Right Angle,1,2,1,0,,252
-77.01215145,38.93123908,12078847,2012-06-08T00:00:00.000Z,Thu,FIRST ST,IRVING ST,NW,At Intersect,38.931239,-77.012151,19,1,1,1,0,,253
-77.01216026,38.90626902,12126346,2012-09-06T23:25:00.000Z,Thu,NEW YORK AVE,FIRST ST,NW,At Intersect,38.906269,-77.01216,Left Turn Hit Veh.,1,2,1,0,,254
-77.04160431,38.92547246,12078905,2012-06-08T02:30:00.000Z,Thu,EIGHTEENTH ST,ONTARIO RD,NW,Not at Inter,38.925472,-77.041604,Other,1,2,1,0,,255
-77.03194927,38.9088381,12126362,2012-09-06T22:40:00.000Z,Thu,FOURTEENTH ST,RHODE ISLAND AVE,NW,Not at Inter,38.908838,-77.031949,Parked Vehicle,0,2,1,0,,256
-77.02703806,38.91112097,12079094,2012-06-08T13:09:00.000Z,Fri,ELEVENTH ST,Q ST,NW,Within 100ft,38.911121,-77.027038,,1,1,1,0,,257
-77.00057705,38.89407381,12126564,2012-09-07T11:59:00.000Z,Fri,FOURTH ST,MASSACHUSETTS AVE,NE,Within 100ft,38.894074,-77.000577,19,1,1,1,0,,258
-77.02410766,38.95088996,12079099,2012-06-08T13:10:00.000Z,Fri,ILLINOIS AVE,FARRAGUT ST,NW,At Intersect,38.95089,-77.024108,19,1,2,1,0,,259
,,12126585,2012-09-07T13:40:00.000Z,Fri,M ST,,NW,N/A,,,Right Turn Hit Veh.,1,2,1,0,1,260
-77.02962112,38.91112674,12079221,2012-06-08T17:47:00.000Z,Fri,THIRTEENTH ST,Q ST,NW,N/A,38.911127,-77.029621,Right Turn Hit Ped.,0,1,1,0,,261
-76.97147703,38.91853394,12126667,2012-09-07T17:15:00.000Z,Fri,BLADENSBURG RD,QUEENS CHAPEL RD,NE,At Intersect,38.918534,-76.971477,Right Angle,0,2,1,0,,262
-77.02190779,38.89479485,12079389,2012-06-08T22:30:00.000Z,Fri,SEVENTH ST,D ST,NW,Within 100ft,38.894795,-77.021908,Parked Vehicle,0,1,1,0,,263
-77.03264109,38.92880696,12126708,2012-09-07T19:10:00.000Z,Fri,IRVING ST,FOURTEENTH ST,NW,N/A,38.928807,-77.032641,19,1,1,1,0,,264
-77.03455674,38.90964928,12126808,2012-09-07T21:55:00.000Z,Fri,FIFTEENTH ST,P ST,NW,Within 100ft,38.909649,-77.034557,Left Turn Hit Ped.,1,2,1,0,,265
-77.04201978,38.92059087,12079732,2012-06-09T09:16:00.000Z,Sat,EIGHTEENTH ST,BELMONT RD,NW,N/A,38.920591,-77.04202,Side Swiped,0,2,1,0,,266
-77.04166449,38.91260849,12126867,2012-09-07T23:37:00.000Z,Fri,EIGHTEENTH ST,R ST,NW,Within 100ft,38.912608,-77.041664,19,0,1,1,0,,267
-77.03648819,38.92652562,12080420,2012-06-10T16:08:00.000Z,Sun,SIXTEENTH ST,COLUMBIA RD,NW,Within 100ft,38.926526,-77.036488,19,1,1,1,0,,268
-77.02191587,38.90964549,12080553,2012-06-10T22:40:00.000Z,Sun,SEVENTH ST,P ST,NW,Not at Inter,38.909645,-77.021916,Side Swiped,0,2,1,0,,269
-77.05328044,38.92656943,12126908,2012-09-07T23:15:00.000Z,Fri,CONNECTICUT AVE,GARFIELD ST,NW,Not at Inter,38.926569,-77.05328,,0,2,1,0,,270
-77.03460923,38.91912966,12127806,2012-09-09T21:28:00.000Z,Sun,FLORIDA AVE,W ST,NW,At Intersect,38.91913,-77.034609,19,1,2,1,0,,271
-77.0466466,38.90374268,12080570,2012-06-10T22:51:00.000Z,Sun,L ST,TWENTY FIRST ST,NW,At Intersect,38.903743,-77.046647,19,1,2,1,0,,272
-77.02703896,38.9247649,12127982,2012-09-10T10:50:00.000Z,Mon,ELEVENTH ST,FAIRMONT ST,NW,At Intersect,38.924765,-77.027039,Right Turn Hit Veh.,1,2,1,0,,273
-77.02191439,38.89844666,12080635,2012-06-11T01:20:00.000Z,Sun,SEVENTH ST,G ST,NW,Not at Inter,38.898447,-77.021914,19,0,3,1,0,,274
-77.03363159,38.90251853,12128011,2012-09-10T13:30:00.000Z,Mon,FIFTEENTH ST,K ST,NW,At Intersect,38.902519,-77.033632,,0,2,1,0,,275
-77.03195068,38.90723966,12081312,2012-06-12T14:00:00.000Z,Tue,FOURTEENTH ST,N ST,NW,Not at Inter,38.90724,-77.031951,19,1,2,1,0,,276
-77.02205749,38.92096281,12128211,2012-09-10T21:24:00.000Z,Mon,GEORGIA AVE,BARRY PL,NW,Within 100ft,38.920963,-77.022057,Side Swiped,0,2,1,0,,277
-76.94261095,38.89293934,12082117,2012-06-13T23:41:00.000Z,Wed,FORTY SECOND ST,BENNING RD,NE,At Intersect,38.892939,-76.942611,Right Turn Hit Veh.,1,1,1,0,,278
-77.04346249,38.90020236,12082163,2012-06-14T00:40:00.000Z,Wed,NINTEENTH ST,PENNSYLVANIA AVE,NW,Within 100ft,38.900202,-77.043462,Other,2,2,1,0,,279
-77.02703883,38.90252269,12128294,2012-09-10T23:34:00.000Z,Mon,ELEVENTH ST,K ST,NW,At Intersect,38.902523,-77.027039,Right Angle,0,2,1,0,,280
-77.03195183,38.90964795,12082652,2012-06-14T22:28:00.000Z,Thu,FOURTEENTH ST,P ST,NW,At Intersect,38.909648,-77.031952,Left Turn Hit Ped.,1,2,1,0,,281
-77.04268424,38.92266111,12128339,2012-09-11T00:31:00.000Z,Mon,COLUMBIA RD,EIGHTEENTH ST,NW,Within 100ft,38.922661,-77.042684,Side Swiped,1,2,1,0,,282
-77.02191502,38.90210169,12128560,2012-09-11T15:53:00.000Z,Tue,SEVENTH ST,K ST,NW,Within 100ft,38.902102,-77.021915,Right Turn Hit Ped.,1,1,1,0,,283
-77.02962047,38.905648,12082986,2012-06-15T13:13:00.000Z,Fri,THIRTEENTH ST,M ST,NW,Within 100ft,38.905648,-77.02962,19,1,2,1,0,,284
,,12128826,2012-09-11T21:50:00.000Z,Tue,BRENTWOOD PKWY,MOUNT OLIVET RD,NE,At Intersect,,,19,0,1,1,0,1,285
-77.00220944,38.82388665,12128836,2012-09-12T00:29:00.000Z,Tue,LIVINGSTON RD,THIRD ST,SE,Not at Inter,38.823887,-77.002209,Straight Hit Ped.,1,1,1,0,,286
-77.06118434,38.90519081,12128850,2012-09-12T01:25:00.000Z,Tue,M ST,THIRTY FIRST ST,NW,Not at Inter,38.905191,-77.061184,19,0,2,1,0,,287
-77.02191098,38.90087045,12128876,2012-09-12T01:37:00.000Z,Tue,SEVENTH ST,I ST,NW,Within 100ft,38.90087,-77.021911,19,1,2,1,0,,288
-77.03364534,38.89734549,12129162,2012-09-12T17:49:00.000Z,Wed,FIFTEENTH ST,F ST,NW,Within 100ft,38.897345,-77.033645,19,0,2,1,0,,289
-77.02970443,38.93867632,12129197,2012-09-12T19:15:00.000Z,Wed,THIRTEENTH ST,RANDOLPH ST,NW,At Intersect,38.938676,-77.029704,19,1,1,1,0,,290
-77.01617355,38.90132505,12129538,2012-09-13T11:15:00.000Z,Thu,FOURTH ST,I ST,NW,At Intersect,38.901325,-77.016174,Left Turn Hit Veh.,1,2,1,0,,291
,,12129715,2012-09-13T19:23:00.000Z,Thu,,,NE,,,,,,,,0,1,292
-77.04657406,38.9140308,12129831,2012-09-13T23:10:00.000Z,Thu,TWENTY FIRST ST,FLORIDA AVE,NW,At Intersect,38.914031,-77.046574,Right Turn Hit Ped.,0,1,1,0,,293
-77.01997594,38.91545021,12130358,2012-09-14T23:19:00.000Z,Fri,SIXTH ST,FLORIDA AVE,NW,Within 100ft,38.91545,-77.019976,Side Swiped,0,2,1,0,,294
-77.08263175,38.95470067,12130741,2012-09-15T16:38:00.000Z,Sat,WISCONSIN AVE,FESSENDEN ST,NW,At Intersect,38.954701,-77.082632,Left Turn Hit Ped.,1,1,1,0,,295
-77.03650003,38.91811436,12130894,2012-09-15T23:19:00.000Z,Sat,SIXTEENTH ST,V ST,NW,Within 100ft,38.918114,-77.0365,Rear End,1,1,1,0,,296
-77.04033828,38.92422597,12131900,2012-09-18T03:42:00.000Z,Mon,COLUMBIA RD,ONTARIO RD,NW,Not at Inter,38.924226,-77.040338,Parked Vehicle,1,2,1,0,,297
-77.04664869,38.90252627,12132360,2012-09-19T02:10:00.000Z,Tue,K ST,TWENTY FIRST ST,NW,Within 100ft,38.902526,-77.046649,,1,2,1,0,,298
-77.0134221,38.95873299,12132493,2012-09-19T12:50:00.000Z,Wed,KANSAS AVE,MADISON ST,NW,Within 100ft,38.958733,-77.013422,19,1,2,1,0,,299
-77.04665252,38.89957744,12132527,2012-09-19T14:39:00.000Z,Wed,H ST,TWENTY FIRST ST,NW,Not at Inter,38.899577,-77.046653,Straight Hit Ped.,1,1,1,0,,300
-76.99495854,38.9025121,12132696,2012-09-19T22:17:00.000Z,Wed,EIGHTH ST,K ST,NE,At Intersect,38.902512,-76.994959,19,1,2,1,0,,301
-77.02703618,38.9207634,12132753,2012-09-19T23:25:00.000Z,Wed,ELEVENTH ST,FLORIDA AVE,NW,Within 100ft,38.920763,-77.027036,19,0,1,1,0,,302
-77.02703883,38.90252269,12132765,2012-09-19T23:36:00.000Z,Wed,ELEVENTH ST,K ST,NW,At Intersect,38.902523,-77.027039,19,1,2,1,0,,303
-77.02512515,38.94295165,12133005,2012-09-20T14:45:00.000Z,Thu,KANSAS AVE,VARNUM ST,NW,At Intersect,38.942952,-77.025125,19,0,2,1,0,,304
-77.01991848,38.90146933,12133025,2012-09-20T13:10:00.000Z,Thu,MASSACHUSETTS AVE,SIXTH ST,NW,Within 100ft,38.901469,-77.019918,Left Turn Hit Ped.,1,2,1,0,,305
-77.03195228,38.91811272,12133736,2012-09-21T23:39:00.000Z,Fri,FOURTEENTH ST,V ST,NW,At Intersect,38.918113,-77.031952,Right Angle,1,2,1,0,,306
-77.04165794,38.91557421,12134131,2012-09-22T17:35:00.000Z,Sat,EIGHTEENTH ST,T ST,NW,At Intersect,38.915574,-77.041658,Right Angle,1,2,1,0,,307
-77.02519809,38.93511767,12134282,2012-09-23T00:27:00.000Z,Sat,NEW HAMPSHIRE AVE,SPRING RD,NW,At Intersect,38.935118,-77.025198,Right Angle,1,2,1,0,,308
-77.03307748,38.90373856,12134411,2012-09-23T05:38:00.000Z,Sun,VERMONT AVE,L ST,NW,Not at Inter,38.903739,-77.033077,19,1,1,1,0,,309
-77.04121378,38.92718237,12134482,2012-09-23T07:45:00.000Z,Sun,HARVARD ST,EIGHTEENTH ST,NW,Not at Inter,38.927182,-77.041214,Side Swiped,1,1,1,0,,310
-77.00203095,38.91924443,12134696,2012-09-23T21:06:00.000Z,Sun,RHODE ISLAND AVE,THIRD ST,NE,Within 100ft,38.919244,-77.002031,Parked Vehicle,1,1,1,0,,311
-77.01892571,38.89612816,12134907,2012-09-24T12:50:00.000Z,Mon,E ST,FIFTH ST,NW,Within 100ft,38.896128,-77.018926,Straight Hit Ped.,1,1,1,0,,312
-77.02963956,38.89612594,12135034,2012-09-21T18:30:00.000Z,Fri,THIRTEENTH ST,PENNSYLVANIA AVE,NW,Within 100ft,38.896126,-77.02964,19,1,1,1,0,,313
-77.07312342,38.92291457,12135093,2012-09-24T20:42:00.000Z,Mon,WISCONSIN AVE,THIRTY SEVENTH ST,NW,N/A,38.922915,-77.073123,Right Turn Hit Veh.,1,2,1,0,,314
-77.03274852,38.9302311,12135197,2012-09-24T23:26:00.000Z,Mon,FOURTEENTH ST,PARK RD,NW,Not at Inter,38.930231,-77.032749,19,1,2,1,0,,315
-77.03274852,38.9302311,12135431,2012-09-25T13:08:00.000Z,Tue,FOURTEENTH ST,PARK RD,NW,Not at Inter,38.930231,-77.032749,19,1,2,1,0,,316
-77.00588599,38.90844974,12135634,2012-09-24T23:00:00.000Z,Mon,NEW YORK AVE,FIRST ST,NE,At Intersect,38.90845,-77.005886,W YORK AVE FIRST ST,1,1,1,0,,317
-77.03307748,38.90373856,12135692,2012-09-25T22:27:00.000Z,Tue,VERMONT AVE,L ST,NW,Not at Inter,38.903739,-77.033077,Right Angle,1,2,1,0,,318
-76.99844208,38.9002048,12135738,2012-09-25T23:13:00.000Z,Tue,H ST,SIXTH ST,NE,Not at Inter,38.900205,-76.998442,19,2,2,1,0,,319
-77.04515671,38.91260677,12136337,2012-09-26T23:41:00.000Z,Wed,CONNECTICUT AVE,R ST,NW,Within 100ft,38.912607,-77.045157,19,1,2,1,0,,320
-77.00098194,38.931215,12136622,2012-09-27T17:27:00.000Z,Thu,MICHIGAN AVE,HAREWOOD RD,NE,At Intersect,38.931215,-77.000982,19,1,1,1,0,,321
-77.04489962,38.90374252,12136721,2012-09-27T14:40:00.000Z,Thu,TWENTIETH ST,L ST,NW,At Intersect,38.903743,-77.0449,Left Turn Hit Ped.,1,1,1,0,,322
,,12136728,2012-09-27T21:41:00.000Z,Thu,,,BN,,,,,,,,0,1,323
-77.03324454,38.91261124,12136830,2012-09-27T23:32:00.000Z,Thu,R ST,JOHNSON AVE,NW,Within 100ft,38.912611,-77.033245,Side Swiped,1,2,1,0,,324
-77.03641489,38.95253513,12137006,2012-09-28T11:40:00.000Z,Fri,SIXTEENTH ST,COLORADO AVE,NW,At Intersect,38.952535,-77.036415,Left Turn Hit Ped.,1,1,1,0,,325
-77.08573266,38.96078254,12137010,2012-09-28T10:50:00.000Z,Fri,WESTERN AVE,WISCONSIN AVE,NW,At Intersect,38.960783,-77.085733,Other,1,2,1,0,,326
-77.08076692,38.95105408,12137024,2012-09-28T13:11:00.000Z,Fri,WISCONSIN AVE,CHESAPEAKE ST,NW,At Intersect,38.951054,-77.080767,19,1,2,1,0,,327
-77.02703671,38.91699963,12137042,2012-09-28T14:25:00.000Z,Fri,U ST,ELEVENTH ST,NW,Within 100ft,38.917,-77.027037,Left Turn Hit Ped.,1,1,1,0,,328
-77.03364364,38.89831461,12137118,2012-09-28T17:22:00.000Z,Fri,FIFTEENTH ST,G ST,NW,At Intersect,38.898315,-77.033644,19,1,1,1,0,,329
-77.0649042,38.9103608,12137242,2012-09-28T21:00:00.000Z,Fri,WINSCONSIN AVE,Q ST,NW,Within 100ft,38.910361,-77.064904,19,1,2,1,0,,330
-76.99242651,38.92429313,12137260,2012-09-28T22:00:00.000Z,Fri,EVARTS ST,TENTH ST,NE,Within 100ft,38.924293,-76.992427,19,1,2,1,0,,331
-77.00906326,38.90020822,12137403,2012-09-29T02:32:00.000Z,Fri,H ST,NORTH CAPITOL ST,BN,At Intersect,38.900208,-77.009063,Right Turn Hit Ped.,1,2,1,0,,332
-77.0317644,38.90597644,12137732,2012-09-29T17:30:00.000Z,Sat,THOMAS CIR,VERMONT AVE,NW,At Intersect,38.905976,-77.031764,Side Swiped,1,2,1,0,,333
-77.07503653,38.93954504,12137857,2012-09-29T22:36:00.000Z,Sat,WISCONSIN AVE,RODMAN ST,NW,Within 100ft,38.939545,-77.075037,Unknown,1,2,1,0,,334
,,12138428,2012-09-30T23:00:00.000Z,Sun,MASSACHUSETTS AVE,,BN,Within 100ft,,,Rear End,0,2,1,0,1,335
-77.02429755,38.93632883,12138466,2012-10-01T00:30:00.000Z,Sun,GEORGIA AVE,NEW HAMPSHIRE AVE,NW,Within 100ft,38.936329,-77.024298,Rear End,2,2,1,0,,336
-77.03224217,38.92475601,12138606,2012-10-01T12:50:00.000Z,Mon,FOURTEENTH ST,FAIRMONT ST,NW,At Intersect,38.924756,-77.032242,19,1,1,1,0,,337
-77.01990465,38.89479431,12138687,2012-10-01T13:58:00.000Z,Mon,SIXTH ST,D ST,NW,Not at Inter,38.894794,-77.019905,Ran Off Roadway,1,2,1,0,,338
-77.03946035,38.89881381,12138878,2012-10-01T23:20:00.000Z,Mon,SEVENTEENTH ST,PENNSYLVANIA AVE,NW,At Intersect,38.898814,-77.03946,Non-Collision Accident,1,1,1,0,,339
-77.0373506,38.92873364,12138907,2012-10-01T21:14:00.000Z,Mon,MOUNT PLEASANT ST,IRVING ST,NW,Within 100ft,38.928734,-77.037351,Rear End,0,2,1,0,,340
-77.0466466,38.90374268,12139111,2012-10-02T13:50:00.000Z,Tue,TWENTY FIRST ST,L ST,NW,Within 100ft,38.903743,-77.046647,Right Turn Hit Veh.,1,2,1,0,,341
-77.0765066,38.94221621,12139659,2012-10-03T13:50:00.000Z,Wed,WISCONSIN AVE,UPTON ST,NW,Not at Inter,38.942216,-77.076507,19,1,2,1,0,,342
-77.05863079,38.94096708,12140756,2012-10-05T14:10:00.000Z,Fri,TILDEN ST,TWENTY NINTH ST,NW,At Intersect,38.940967,-77.058631,19,1,2,1,0,,343
-77.03816141,38.93076908,12140871,2012-10-05T18:25:00.000Z,Fri,KILBOURNE PL,MOUNT PLEASANT ST,NW,At Intersect,38.930769,-77.038161,19,1,1,1,0,,344
-76.98148104,38.89980838,12141194,2012-10-06T04:40:00.000Z,Fri,SIXTEENTH ST,BENNING RD,NE,At Intersect,38.899808,-76.981481,Straight Hit Ped.,1,1,1,0,,345
-77.00607889,38.96852649,12141421,2012-10-06T15:04:00.000Z,Sat,KANSAS AVE,EASTERN AVE,NE,At Intersect,38.968526,-77.006079,19,1,1,1,0,,346
-77.03456393,38.90793418,12141648,2012-10-07T01:05:00.000Z,Sat,FIFTEENTH ST,RHODE ISLAND AVE,NW,At Intersect,38.907934,-77.034564,19,1,2,1,0,,347
-77.03456788,38.90655867,12142333,2012-10-08T19:40:00.000Z,Mon,FIFTEENTH ST,MASSACHUSETTS AVE,NW,At Intersect,38.906559,-77.034568,Right Turn Hit Veh.,1,2,1,0,,348
-77.0065946,38.90974293,12142476,2012-10-09T01:01:00.000Z,Mon,P ST,FLORIDA AVE,NE,At Intersect,38.909743,-77.006595,Right Turn Hit Ped.,1,1,1,0,,349
-77.03453217,38.91700243,12142628,2012-10-09T13:24:00.000Z,Tue,FIFTEENTH ST,U ST,NW,At Intersect,38.917002,-77.034532,19,1,1,1,0,,350
-77.04625244,38.91483112,12142672,2012-10-09T15:05:00.000Z,Tue,CONNECTICUT AVE,BANCROFT PL,NW,At Intersect,38.914831,-77.046252,19,1,1,1,0,,351
-77.01214239,38.92628232,12142743,2012-10-09T18:44:00.000Z,Tue,MICHIGAN AVE,FIRST ST,NW,Not at Inter,38.926282,-77.012142,19,1,2,1,0,,352
-77.04159094,38.90646001,12143369,2012-10-10T23:20:00.000Z,Wed,EIGHTEENTH ST,CONNECTICUT AVE,NW,Within 100ft,38.90646,-77.041591,Rear End,1,3,2,0,,353
-76.97373128,38.91577464,12143424,2012-10-11T01:22:00.000Z,Wed,BLADENSBURG RD,T ST,NE,Not at Inter,38.915775,-76.973731,Right Angle,0,2,1,0,,354
-76.91939562,38.88975051,12083077,2012-06-15T17:45:00.000Z,Fri,EAST CAPITOL ST,FIFTY SEVENTH PL,BN,Not at Inter,38.889751,-76.919396,Other,1,1,1,0,,355
-77.08529753,38.96111899,12083245,2012-06-15T23:04:00.000Z,Fri,WESTERN AVE,MILITARY RD,NW,Not at Inter,38.961119,-77.085298,19,1,2,1,0,,356
-77.03364923,38.89640285,12083260,2012-06-16T00:15:00.000Z,Fri,PENNSYLVANIA AVE,FIFTEENTH ST,NW,Not at Inter,38.896403,-77.033649,Other,1,2,1,0,,357
-77.04170392,38.91965933,12083515,2012-06-16T07:45:00.000Z,Sat,EIGHTEENTH ST,KALORAMA RD,NW,Not at Inter,38.919659,-77.041704,Parked Vehicle,0,2,1,0,,358
-77.05850939,38.9355665,12083720,2012-06-16T19:20:00.000Z,Sat,ORDWAY ST,CONNECTICUT AVE,NW,At Intersect,38.935567,-77.058509,Side Swiped,0,2,1,0,,359
-76.99954004,38.8433581,12083797,2012-06-16T22:11:00.000Z,Sat,MARTIN LUTHER KING JR AVE,FIFTH ST,SE,At Intersect,38.843358,-76.99954,Right Turn Hit Ped.,0,1,1,0,,360
-76.98512841,38.86677537,12084575,2012-06-16T05:56:00.000Z,Sat,GOOD HOPE RD,FOURTEENTH ST,SE,Within 100ft,38.866775,-76.985128,Fixed Object,0,1,1,0,,361
-77.0239553,38.91699049,12084716,2012-06-18T21:15:00.000Z,Mon,NINTH ST,FLORIDA AVE,NW,At Intersect,38.91699,-77.023955,19,1,2,1,0,,362
-77.03456788,38.90655867,12085249,2012-06-19T22:23:00.000Z,Tue,MASSACHUSETTS AVE,FIFTEENTH ST,NW,At Intersect,38.906559,-77.034568,Rear End,1,2,1,0,,363
-76.9799754,38.90536265,12085515,2012-06-20T08:27:00.000Z,Wed,BLADENSBURG RD,MEIGS PL,NE,N/A,38.905363,-76.979975,19,1,1,1,0,,364
-77.03650773,38.91557293,12085582,2012-06-20T14:00:00.000Z,Wed,SIXTEENTH ST,T ST,NW,Within 100ft,38.915573,-77.036508,Other,1,1,1,0,,365
-76.96146128,38.87859943,12086148,2012-06-21T15:50:00.000Z,Thu,RANDLE CIR,THIRTY SECOND ST,SE,Within 100ft,38.878599,-76.961461,COND ST,1,2,1,0,,366
-77.03648887,38.92627266,12087598,2012-06-24T07:01:00.000Z,Sun,HARVARD ST,SIXTEENTH ST,NW,At Intersect,38.926273,-77.036489,19,1,2,1,0,,367
-77.04802341,38.89601703,12088101,2012-06-25T12:15:00.000Z,Mon,E ST,VIRGINIA AVE,NW,At Intersect,38.896017,-77.048023,Side Swiped,1,2,1,0,,368
-77.03642624,38.94506246,12088343,2012-06-25T21:40:00.000Z,Mon,SIXTEENTH ST,ALLISON ST,NW,At Intersect,38.945062,-77.036426,19,1,1,1,0,,369
-77.02101389,38.91263387,12088818,2012-06-26T20:23:00.000Z,Tue,RHODE ISLAND AVE,MARION ST,NW,At Intersect,38.912634,-77.021014,Left Turn Hit Ped.,1,1,1,0,,370
-77.00459279,38.90889742,12088932,2012-06-26T23:40:00.000Z,Tue,FLORIDA AVE,NEW YORK AVE,NE,At Intersect,38.908897,-77.004593,W YORK AVE,1,1,1,0,,371
-76.97725862,38.89477686,12088952,2012-06-27T00:05:00.000Z,Tue,NINTEENTH ST,D ST,NE,At Intersect,38.894777,-76.977259,Right Angle,0,2,1,0,,372
-77.06788023,38.92475218,12089083,2012-06-27T03:12:00.000Z,Tue,EDMUNDS ST,MASSACHUSETTS AVE,NW,At Intersect,38.924752,-77.06788,Other,1,2,2,0,,373
-77.01516862,38.8947949,12089188,2012-06-27T13:25:00.000Z,Wed,D ST,THIRD ST,NW,Within 100ft,38.894795,-77.015169,Side Swiped,0,2,1,0,,374
-77.02191502,38.90210169,12089194,2012-06-27T14:00:00.000Z,Wed,SEVENTH ST,K ST,NW,Within 100ft,38.902102,-77.021915,Right Angle,1,2,1,0,,375
-77.07460335,38.94708867,12089200,2012-06-27T14:10:00.000Z,Wed,THIRTY EIGHTH ST,ALTON PL,NW,At Intersect,38.947089,-77.074603,Side Swiped,1,2,1,0,,376
-77.03196286,38.90133856,12089372,2012-06-27T21:16:00.000Z,Wed,FOURTEENTH ST,I ST,NW,At Intersect,38.901339,-77.031963,19,1,2,1,0,,377
-77.02705351,38.89473689,12089488,2012-06-28T00:40:00.000Z,Wed,ELEVENTH ST,PENNSYLVANIA AVE,NW,Within 100ft,38.894737,-77.027054,Side Swiped,1,2,1,0,,378
-77.04879651,38.90963478,12089719,2012-06-28T13:10:00.000Z,Thu,TWENTY SECOND ST,P ST,NW,At Intersect,38.909635,-77.048797,19,1,2,1,0,,379
-77.02703618,38.9207634,12089763,2012-06-28T15:56:00.000Z,Thu,ELEVENTH ST,FLORIDA AVE,NW,Not at Inter,38.920763,-77.027036,19,1,1,1,0,,380
-77.017557,38.88324001,12089998,2012-06-28T23:04:00.000Z,Thu,E ST,FOURTH ST,SW,Not at Inter,38.88324,-77.017557,Left Turn Hit Veh.,0,2,1,0,,381
-77.01755747,38.88468099,12090019,2012-06-29T00:00:00.000Z,Thu,FOURTH ST,VIRGINIA AVE,SW,Not at Inter,38.884681,-77.017557,Straight Hit Ped.,1,2,1,0,,382
-77.0090583,38.87928593,12090500,2012-06-29T21:00:00.000Z,Fri,SOUTH CAPITOL ST,I ST,BN,Not at Inter,38.879286,-77.009058,Non-Collision Accident,1,2,1,0,,383
-77.02072315,38.92009988,12090635,2012-06-30T02:27:00.000Z,Fri,SIXTH ST,BRYANT ST,NW,At Intersect,38.9201,-77.020723,Head On,1,2,1,0,,384
-77.05804574,38.90254958,12090893,2012-06-30T14:35:00.000Z,Sat,K ST,TWENTY NINTH ST,NW,At Intersect,38.90255,-77.058046,19,1,1,1,0,,385
-76.98076707,38.88283734,12090996,2012-06-30T19:08:00.000Z,Sat,SEVENTEENTH ST,E ST,SE,At Intersect,38.882837,-76.980767,VENTEENTH ST E ST,0,2,1,0,,386
-77.07967379,38.94790959,12091607,2012-07-01T22:16:00.000Z,Sun,WISCONSIN AVE,ALBEMARLE ST,NW,Within 100ft,38.94791,-77.079674,Side Swiped,1,2,1,0,,387
-77.03195228,38.91811272,12092376,2012-07-03T14:00:00.000Z,Tue,FOURTEENTH ST,V ST,NW,At Intersect,38.918113,-77.031952,19,1,3,1,0,,388
-77.03645145,38.93496677,12092707,2012-07-03T22:00:00.000Z,Tue,SIXTEENTH ST,OAK ST,NW,Not at Inter,38.934967,-77.036451,Non-Collision Accident,1,1,1,0,,389
-77.03195162,38.88756755,12093262,2012-07-05T03:20:00.000Z,Wed,FOURTEENTH ST,INDEPENDENCE AVE,SW,Within 100ft,38.887568,-77.031952,19,1,1,1,0,,390
-77.02377331,38.93281057,12093627,2012-07-05T19:02:00.000Z,Thu,GEORGIA AVE,PARK RD,NW,Not at Inter,38.932811,-77.023773,Straight Hit Ped.,1,1,1,0,,391
-77.0373506,38.92873364,12093773,2012-07-12T16:20:00.000Z,Thu,MOUNT PLEASANT ST,IRVING ST,NW,Within 100ft,38.928734,-77.037351,Side Swiped,0,1,1,0,,392
-77.02962137,38.91699928,12093792,2012-07-05T23:57:00.000Z,Thu,U ST,THIRTEENTH ST,NW,Not at Inter,38.916999,-77.029621,19,1,2,1,0,,393
-77.01760576,38.87646165,12093796,2012-07-06T00:06:00.000Z,Thu,FOURTH ST,M ST,SW,Not at Inter,38.876462,-77.017606,,1,3,2,0,,394
-76.96395917,38.93287193,12094022,2012-07-06T14:19:00.000Z,Fri,MONROE ST,CLINTON ST,NE,Not at Inter,38.932872,-76.963959,Other,1,1,1,0,,395
,,12094180,2012-07-06T20:10:00.000Z,Fri,JAY ST,,NE,Not at Inter,,,Other,1,2,1,0,1,396
-77.0219192,38.91112376,12094476,2012-07-07T05:37:00.000Z,Sat,SEVENTH ST,Q ST,NW,At Intersect,38.911124,-77.021919,19,0,2,1,0,,397
-77.07156347,38.90668089,12094718,2012-07-07T18:45:00.000Z,Sat,N ST,THIRTY SEVENTH ST,NW,Within 100ft,38.906681,-77.071563,19,1,2,1,0,,398
-77.04663532,38.90963991,12096237,2012-07-10T21:02:00.000Z,Tue,P ST,TWENTY FIRST ST,NW,Not at Inter,38.90964,-77.046635,19,1,1,1,0,,399
-77.02808106,38.89613245,12096581,2012-07-11T15:01:00.000Z,Wed,TWELFTH ST,E ST,NW,Within 100ft,38.896132,-77.028081,Side Swiped,1,2,1,0,,400
,,12096750,2012-07-11T21:46:00.000Z,Wed,BRENTWOOD PKWY,MOUNT OLIVET RD,NE,At Intersect,,,Right Turn Hit Ped.,0,1,1,0,1,401
-77.07460608,38.94628018,12097771,2012-07-13T16:10:00.000Z,Fri,THIRTY EIGHTH ST,YUMA ST,NW,Not at Inter,38.94628,-77.074606,Unknown,1,1,1,0,,402
-77.03651494,38.91186969,12097782,2012-07-13T16:22:00.000Z,Fri,SIXTEENTH ST,CORCORAN ST,NW,At Intersect,38.91187,-77.036515,19,1,2,1,0,,403
,,12097813,2012-07-13T17:29:00.000Z,Fri,K ST,,NW,Within 100ft,,,19,0,1,1,0,1,404
-77.0416885,38.90252519,12098534,2012-07-13T22:15:00.000Z,Fri,EIGHTEENTH ST,K ST,NW,At Intersect,38.902525,-77.041689,Right Angle,1,2,1,0,,405
-77.02808349,38.91699749,12098861,2012-07-15T09:44:00.000Z,Sun,TWELFTH ST,U ST,NW,Within 100ft,38.916997,-77.028083,Rear End,1,2,1,0,,406
-77.00588719,38.9025153,12099145,2012-07-16T01:28:00.000Z,Sun,FIRST ST,K ST,NE,At Intersect,38.902515,-77.005887,Left Turn Hit Ped.,1,2,1,0,,407
-77.02703514,38.89981676,12099281,2012-07-16T13:21:00.000Z,Mon,ELEVENTH ST,H ST,NW,At Intersect,38.899817,-77.027035,Right Angle,1,2,1,0,,408
,,12100326,2012-07-18T11:25:00.000Z,Wed,,,SW,,,,,,,,0,1,409
-77.03195183,38.90964795,12100670,2012-07-18T23:53:00.000Z,Wed,FOURTEENTH ST,P ST,NW,Within 100ft,38.909648,-77.031952,19,1,2,1,0,,410
-77.03644397,38.93910558,12100808,2012-07-19T05:57:00.000Z,Thu,SIXTEENTH ST,ARKANSAS AVE,NW,At Intersect,38.939106,-77.036444,19,0,2,1,0,,411
-77.03195228,38.91811272,12100900,2012-07-19T13:15:00.000Z,Thu,FOURTEENTH ST,V ST,NW,At Intersect,38.918113,-77.031952,19,1,2,1,0,,412
-77.01619793,38.90017672,12101241,2012-07-19T23:25:00.000Z,Thu,MASSACHUSETTS AVE,FOURTH ST,NW,N/A,38.900177,-77.016198,Right Angle,0,2,1,0,,413
-77.0434676,38.89735529,12101487,2012-07-20T14:43:00.000Z,Fri,NINTEENTH ST,F ST,NW,Not at Inter,38.897355,-77.043468,19,0,1,1,0,,414
-77.03251635,38.9275387,12101601,2012-07-19T13:00:00.000Z,Thu,FOURTEENTH ST,COLUMBIA RD,NW,Within 100ft,38.927539,-77.032516,Rear End,0,2,1,0,,415
-77.0667139,38.94968341,12102763,2012-07-23T02:35:00.000Z,Sun,CONNECTICUT AVE,BRANDYWINE ST,NW,At Intersect,38.949683,-77.066714,Left Turn Hit Ped.,1,1,1,0,,416
,,12102815,2012-07-23T05:37:00.000Z,Mon,PORTER ST,,NW,Not at Inter,,,Side Swiped,1,2,1,0,1,417
-77.03542187,38.90763219,12102923,2012-07-23T14:00:00.000Z,Mon,CORREGIDOR ST,RHODE ISLAND AVE,NW,At Intersect,38.907632,-77.035422,Left Turn Hit Veh.,0,2,1,0,,418
-77.03850956,38.90252354,12104075,2012-07-25T15:45:00.000Z,Wed,K ST,SEVENTEENTH ST,NW,Within 100ft,38.902524,-77.03851,19,1,2,1,0,,419
-76.98344242,38.90013109,12104402,2012-07-26T05:22:00.000Z,Thu,FIFTEENTH ST,BLADENSBURG RD,NE,At Intersect,38.900131,-76.983442,Left Turn Hit Ped.,1,2,1,0,,420
-77.03648819,38.92652562,12105075,2012-07-27T14:37:00.000Z,Fri,COLUMBIA RD,SIXTEENTH ST,NW,Not at Inter,38.926526,-77.036488,Rear End,1,2,1,0,,421
-77.05093905,38.91237853,12105219,2012-07-25T16:45:00.000Z,Wed,SHERIDAN CIR,MASSACHUSETTS AVE,NW,At Intersect,38.912379,-77.050939,19,1,1,1,0,,422
-77.03270925,38.93134681,12105475,2012-07-28T04:29:00.000Z,Fri,FOURTEENTH ST,MONROE ST,NW,At Intersect,38.931347,-77.032709,Other,1,1,1,0,,423
-77.02101389,38.91263387,12106791,2012-07-30T23:25:00.000Z,Mon,R ST,RHODE ISLAND AVE,NW,Within 100ft,38.912634,-77.021014,Right Turn Hit Ped.,0,1,1,0,,424
-76.98955907,38.90363851,12106803,2012-07-30T23:52:00.000Z,Mon,MONTELLO AVE,MORSE ST,NE,Not at Inter,38.903639,-76.989559,19,1,2,1,0,,425
-76.97495914,38.86947543,12106895,2012-07-31T02:47:00.000Z,Mon,TWENTY SECOND ST,R ST,SE,At Intersect,38.869475,-76.974959,COND ST R ST,1,2,1,0,,426
-77.00906326,38.90020822,12107025,2012-07-31T11:45:00.000Z,Tue,H ST,NORTH CAPITOL ST,BN,Within 100ft,38.900208,-77.009063,Right Turn Hit Veh.,1,2,1,0,,427
-77.0035101,38.89520719,12107358,2012-08-01T00:40:00.000Z,Tue,MASSACHUSETTS AVE,SECOND ST,NE,At Intersect,38.895207,-77.00351,Other,1,1,1,0,,428
-77.02210402,38.95201648,12107359,2012-08-01T00:44:00.000Z,Tue,GALLATIN ST,SEVENTH ST,NW,At Intersect,38.952016,-77.022104,19,1,1,1,0,,429
-77.03195199,38.91334975,12107618,2012-08-01T14:51:00.000Z,Wed,FOURTEENTH ST,RIGGS ST,NW,Within 100ft,38.91335,-77.031952,Right Angle,1,2,1,0,,430
-77.03651756,38.91112389,12107818,2012-08-01T22:21:00.000Z,Wed,Q ST,SIXTEENTH ST,NW,Within 100ft,38.911124,-77.036518,19,1,2,1,0,,431
-76.93822631,38.88977662,12107852,2012-08-01T23:12:00.000Z,Wed,TEXAS AVE,EAST CAPITOL ST,BN,At Intersect,38.889777,-76.938226,Right Turn Hit Ped.,1,2,1,0,,432
-76.96728389,38.92719929,12108131,2012-08-02T13:23:00.000Z,Thu,VISTA ST,SOUTH DAKOTA AVE,NE,At Intersect,38.927199,-76.967284,Straight Hit Ped.,1,2,1,0,,433
-77.02802903,38.95621648,12108394,2012-08-02T22:40:00.000Z,Thu,GEORGIA AVE,KENNEDY ST,NW,At Intersect,38.956216,-77.028029,Right Angle,1,2,1,0,,434
-77.07875345,38.94790237,12108481,2012-08-03T00:30:00.000Z,Thu,FORTIETH ST,ALBEMARLE ST,NW,Within 100ft,38.947902,-77.078753,Back Hit Moving Veh.,1,2,1,0,,435
-77.02808349,38.91699749,12108932,2012-08-03T23:45:00.000Z,Fri,TWELFTH ST,U ST,NW,Within 100ft,38.916997,-77.028083,Side Swiped,0,3,1,0,,436
-77.00588701,38.90723586,12109150,2012-08-04T07:29:00.000Z,Sat,FIRST ST,N ST,NE,Within 100ft,38.907236,-77.005887,Side Swiped,1,1,1,0,,437
-76.98499172,38.9102005,12109346,2012-08-04T20:10:00.000Z,Sat,MOUNT OLIVET RD,MONTELLO AVE,NE,Within 100ft,38.910201,-76.984992,19,1,2,1,0,,438
-77.00350498,38.89891305,12109452,2012-08-04T23:18:00.000Z,Sat,SECOND ST,G ST,NE,Not at Inter,38.898913,-77.003505,Head On,1,1,1,0,,439
-77.00906326,38.90020822,12109915,2012-08-05T19:57:00.000Z,Sun,NORTH CAPITOL ST,H ST,BN,At Intersect,38.900208,-77.009063,Left Turn Hit Ped.,1,2,1,0,,440
-77.02191587,38.89727599,12110033,2012-08-06T00:18:00.000Z,Sun,SEVENTH ST,F ST,NW,At Intersect,38.897276,-77.021916,Left Turn Hit Ped.,1,1,1,0,,441
-77.02962613,38.90252273,12110714,2012-08-07T13:45:00.000Z,Tue,THIRTEENTH ST,K ST,NW,Within 100ft,38.902523,-77.029626,19,1,2,1,0,,442
-77.05764891,38.9340838,12111065,2012-08-08T00:47:00.000Z,Tue,CONNECTICUT AVE,NEWARK ST,NW,At Intersect,38.934084,-77.057649,19,1,1,1,0,,443
-77.01618023,38.90487912,12111245,2012-08-08T12:10:00.000Z,Wed,FOURTH ST,NEW YORK AVE,NW,At Intersect,38.904879,-77.01618,Right Turn Hit Ped.,1,2,1,0,,444
,,12111509,2012-08-08T13:00:00.000Z,Thu,,,SW,,,,,,,,0,1,445
-77.02667721,38.93176171,12111565,2012-08-09T00:24:00.000Z,Wed,SHERMAN AVE,MORTON ST,NW,Within 100ft,38.931762,-77.026677,19,0,2,1,0,,446
-77.03850883,38.90374271,12111825,2012-08-09T15:35:00.000Z,Thu,SEVENTEENTH ST,L ST,NW,Within 100ft,38.903743,-77.038509,19,1,1,1,0,,447
-77.04165612,38.91678062,12111986,2012-08-07T22:55:00.000Z,Tue,EIGHTEENTH ST,FLORIDA AVE,NW,Within 100ft,38.916781,-77.041656,Other,1,2,1,0,,448
-77.01628889,38.97501677,12111987,2012-08-09T22:25:00.000Z,Thu,CEDAR ST,CARROLL ST,NW,At Intersect,38.975017,-77.016289,Side Swiped,0,2,1,0,,449
-77.00853502,38.9125926,12112437,2012-08-10T18:52:00.000Z,Fri,LINCOLN RD,R ST,NE,Within 100ft,38.912593,-77.008535,Side Swiped,0,1,1,0,,450
-77.04489962,38.90374252,12112579,2012-08-10T23:05:00.000Z,Fri,L ST,TWENTIETH ST,NW,Not at Inter,38.903743,-77.0449,19,1,2,1,0,,451
-76.99356265,38.83880487,12113206,2012-08-12T01:50:00.000Z,Sat,MISSISSIPPI AVE,WHEELER RD,SE,At Intersect,38.838805,-76.993563,19,1,1,1,0,,452
-77.04168105,38.91874387,12113400,2012-08-12T09:22:00.000Z,Sun,EIGHTEENTH ST,WYOMING AVE,NW,Not at Inter,38.918744,-77.041681,Side Swiped,1,2,1,0,,453
-77.08018066,38.94881205,12113468,2012-08-12T16:50:00.000Z,Sun,RIVER RD,WISCONSIN AVE,NW,At Intersect,38.948812,-77.080181,Right Turn Hit Ped.,1,1,1,0,,454
-76.99386211,38.9219906,12113573,2012-08-11T21:30:00.000Z,Sat,RHODE ISLAND AVE,WASHINGTON PL,NE,Not at Inter,38.921991,-76.993862,Left Turn Hit Ped.,1,1,1,0,,455
-77.01517734,38.90251846,12113854,2012-08-13T13:45:00.000Z,Mon,THIRD ST,K ST,NW,At Intersect,38.902518,-77.015177,Left Turn Hit Ped.,1,2,1,0,,456
-77.05924261,38.93682477,12113955,2012-08-13T18:10:00.000Z,Mon,CONNECTICUT AVE,PORTER ST,NW,Within 100ft,38.936825,-77.059243,,1,1,1,0,,457
-77.00056848,38.91810637,12114044,2012-08-13T21:38:00.000Z,Mon,FOURTH ST,V ST,NE,Not at Inter,38.918106,-77.000568,19,1,2,1,0,,458
-77.01516862,38.8947949,12114064,2012-08-13T22:20:00.000Z,Mon,THIRD ST,D ST,NW,At Intersect,38.894795,-77.015169,Right Turn Hit Ped.,0,1,1,0,,459
-77.08758341,38.95936191,12114469,2012-08-14T19:11:00.000Z,Tue,WESTERN AVE,JENIFER ST,NW,At Intersect,38.959362,-77.087583,Right Turn Hit Ped.,1,2,1,0,,460
-77.03644368,38.93973797,12115477,2012-08-16T18:42:00.000Z,Thu,SIXTEENTH ST,SHEPHERD ST,NW,At Intersect,38.939738,-77.036444,19,1,2,1,0,,461
-77.03195203,38.9111291,12115738,2012-08-17T03:16:00.000Z,Thu,FOURTEENTH ST,Q ST,NW,At Intersect,38.911129,-77.031952,19,1,2,1,0,,462
-77.03457682,38.90373715,12115992,2012-08-17T17:10:00.000Z,Fri,FIFTEENTH ST,L ST,NW,Not at Inter,38.903737,-77.034577,Side Swiped,1,2,1,0,,463
-77.02788873,38.96270048,12116512,2012-08-18T16:33:00.000Z,Sat,GEORGIA AVE,PEABODY ST,NW,N/A,38.9627,-77.027889,19,1,1,1,0,,464
-77.02191502,38.90210169,12116575,2012-08-18T19:01:00.000Z,Sat,SEVENTH ST,MASSACHUSETTS AVE,NW,At Intersect,38.902102,-77.021915,Right Angle,0,2,1,0,,465
-76.99845153,38.88427106,12116624,2012-08-18T20:43:00.000Z,Sat,SIXTH ST,D ST,SE,At Intersect,38.884271,-76.998452,19,1,2,1,0,,466
-77.02191902,38.90724019,12116708,2012-08-18T23:20:00.000Z,Sat,SEVENTH ST,N ST,NW,Within 100ft,38.90724,-77.021919,Right Angle,0,2,1,0,,467
-77.02703725,38.90564753,12116783,2012-08-19T02:15:00.000Z,Sat,ELEVENTH ST,M ST,NW,At Intersect,38.905648,-77.027037,Other,1,2,1,0,,468
-77.06783014,38.90506531,12117197,2012-08-19T17:30:00.000Z,Sun,M ST,THIRTY FOURTH ST,NW,Not at Inter,38.905065,-77.06783,Side Swiped,1,2,1,0,,469
-77.01518281,38.91112149,12117578,2012-08-20T20:19:00.000Z,Mon,THIRD ST,Q ST,NW,Within 100ft,38.911121,-77.015183,19,1,1,1,0,,470
-76.9896557,38.8629907,12117783,2012-08-21T00:29:00.000Z,Mon,MOUNT VIEW PL,MAPLE VIEW PL,SE,Not at Inter,38.862991,-76.989656,Parked Vehicle,0,1,1,0,,471
-77.00065947,38.84401337,12118205,2012-08-21T21:52:00.000Z,Tue,RALEIGH ST,ESTHER PL,SE,Not at Inter,38.844013,-77.000659,Straight Hit Ped.,1,1,1,0,,472
-77.04112541,38.90566381,12143440,2012-10-11T01:19:00.000Z,Wed,CONNECTICUT AVE,M ST,NW,Within 100ft,38.905664,-77.041125,19,1,2,1,0,,473
-77.05501047,38.94066038,12143604,2012-10-11T14:08:00.000Z,Thu,TILDEN ST,LINNEAN AVE,NW,At Intersect,38.94066,-77.05501,Right Turn Hit Veh.,1,2,1,0,,474
-77.01515486,38.89981164,12143814,2012-10-11T21:11:00.000Z,Thu,MASSACHUSETTS AVE,H ST,NW,Within 100ft,38.899812,-77.015155,Rear End,1,2,1,0,,475
-77.02191502,38.90210169,12143841,2012-10-11T22:20:00.000Z,Thu,SEVENTH ST,K ST,NW,At Intersect,38.902102,-77.021915,Straight Hit Ped.,1,1,1,0,,476
-77.029725,38.93628515,12144414,2012-10-13T00:30:00.000Z,Fri,THIRTEENTH ST,SPRING RD,NW,At Intersect,38.936285,-77.029725,19,1,2,1,0,,477
-77.02191907,38.90293917,12144510,2012-10-13T03:59:00.000Z,Fri,SEVENTH ST,NEW YORK AVE,NW,At Intersect,38.902939,-77.021919,Right Angle,2,2,1,0,,478
-77.02191902,38.90724019,12144511,2012-10-13T03:44:00.000Z,Fri,SEVENTH ST,N ST,NW,At Intersect,38.90724,-77.021919,19,1,1,1,0,,479
-77.01777994,38.91376513,12144594,2012-10-13T06:37:00.000Z,Sat,NEW JERSEY AVE,RHODE ISLAND AVE,NW,At Intersect,38.913765,-77.01778,Left Turn Hit Veh.,2,2,1,0,,480
-76.93100032,38.87602756,12144934,2012-10-14T00:09:00.000Z,Sat,SOUTHERN AVE,BENNING RD,SE,At Intersect,38.876028,-76.931,19,1,1,1,0,,481
-76.97899798,38.92450931,12145227,2012-10-14T15:18:00.000Z,Sun,EIGHTEENTH ST,EVARTS ST,NE,At Intersect,38.924509,-76.978998,Right Angle,1,2,1,0,,482
,,12145807,2012-10-15T22:55:00.000Z,Mon,D ST,,BN,At Intersect,,,Straight Hit Ped.,1,1,1,0,1,483
-77.04168637,38.90565559,12145837,2012-10-15T23:35:00.000Z,Mon,EIGHTEENTH ST,M ST,NW,Within 100ft,38.905656,-77.041686,Side Swiped,1,2,1,0,,484
-77.03850469,38.9047566,12145845,2012-10-15T23:30:00.000Z,Mon,SEVENTEENTH ST,DE SALES ST,NW,Within 100ft,38.904757,-77.038505,Right Turn Hit Ped.,1,1,1,0,,485
-77.01892694,38.90112429,12146799,2012-10-17T22:14:00.000Z,Wed,FIFTH ST,MASSACHUSETTS AVE,NW,At Intersect,38.901124,-77.018927,Right Angle,1,2,1,0,,486
-77.05908413,38.91831378,12146868,2012-10-17T23:23:00.000Z,Wed,MASSACHUSETTS AVE,WHITEHAVEN ST,NW,Not at Inter,38.918314,-77.059084,Rear End,0,2,1,0,,487
-77.03195228,38.91811272,12147030,2012-10-18T13:09:00.000Z,Thu,FOURTEENTH ST,V ST,NW,At Intersect,38.918113,-77.031952,Right Turn Hit Veh.,1,2,1,0,,488
-77.0259891,38.9096451,12147053,2012-10-18T14:07:00.000Z,Thu,TENTH ST,P ST,NW,Within 100ft,38.909645,-77.025989,Other,2,1,1,0,,489
-77.02962045,38.91811406,12147055,2012-10-18T14:16:00.000Z,Thu,THIRTEENTH ST,V ST,NW,At Intersect,38.918114,-77.02962,Left Turn Hit Ped.,1,1,1,0,,490
-77.03242256,38.92655943,12147281,2012-10-19T00:54:00.000Z,Thu,FOURTEENTH ST,HARVARD ST,NW,Within 100ft,38.926559,-77.032423,19,1,1,1,0,,491
-77.03264109,38.92880696,12147298,2012-10-18T23:15:00.000Z,Thu,FOURTEENTH ST,IRVING ST,NW,Within 100ft,38.928807,-77.032641,Rear End,0,2,1,0,,492
-77.00588701,38.90723586,12147546,2012-10-19T12:26:00.000Z,Fri,FIRST ST,N ST,NE,Within 100ft,38.907236,-77.005887,Other,1,2,1,0,,493
-77.08196798,38.94251834,12147923,2012-10-20T02:00:00.000Z,Fri,FORTY SECOND ST,NEBRASKA AVE,NW,At Intersect,38.942518,-77.081968,Left Turn Hit Ped.,1,2,1,0,,494
-77.03195074,38.91699812,12148130,2012-10-20T10:10:00.000Z,Sat,FOURTEENTH ST,U ST,NW,Within 100ft,38.916998,-77.031951,Back Hit Moving Veh.,1,1,1,0,,495
-77.03883944,38.93253211,12148347,2012-10-20T21:44:00.000Z,Sat,PARK RD,MOUNT PLEASANT ST,NW,Not at Inter,38.932532,-77.038839,Side Swiped,0,1,1,0,,496
-77.029725,38.93628515,12148887,2012-10-21T21:04:00.000Z,Sun,SPRING RD,THIRTEENTH ST,NW,Not at Inter,38.936285,-77.029725,19,0,2,1,0,,497
-77.03241274,38.90564603,12149159,2012-10-22T12:58:00.000Z,Mon,M ST,THOMAS CIR,NW,Within 100ft,38.905646,-77.032413,Rear End,0,2,1,0,,498
-77.04168586,38.90724697,12149432,2012-10-22T23:30:00.000Z,Mon,EIGHTEENTH ST,N ST,NW,Within 100ft,38.907247,-77.041686,19,1,1,1,0,,499
-77.02703671,38.91699963,12149583,2012-10-23T05:23:00.000Z,Tue,ELEVENTH ST,U ST,NW,Not at Inter,38.917,-77.027037,Side Swiped,1,1,1,0,,500
-77.01596919,38.9159304,12150017,2012-10-24T00:06:00.000Z,Tue,T ST,ANNA J COOPER CIR,NW,Not at Inter,38.91593,-77.015969,Other,1,2,1,0,,501
-77.05330599,38.90252881,12150135,2012-10-24T04:25:00.000Z,Tue,K ST,TWENTY FIFTH ST,NW,Not at Inter,38.902529,-77.053306,19,0,2,1,0,,502
-77.03453217,38.91700243,12150398,2012-10-24T19:00:00.000Z,Wed,U ST,FIFTEENTH ST,NW,Within 100ft,38.917002,-77.034532,Side Swiped,1,2,1,0,,503
-77.0035101,38.89520719,12150518,2012-10-24T22:46:00.000Z,Wed,MASSACHUSETTS AVE,SECOND ST,NE,Not at Inter,38.895207,-77.00351,19,1,2,1,0,,504
-77.02252289,38.92418347,12151045,2012-10-25T22:25:00.000Z,Thu,GEORGIA AVE,EUCLID ST,NW,Not at Inter,38.924183,-77.022523,19,0,1,1,0,,505
-77.0591062,38.90256729,12151063,2012-10-25T23:28:00.000Z,Thu,THIRTIETH ST,K ST,NW,Within 100ft,38.902567,-77.059106,19,2,2,2,0,,506
-77.03195074,38.91699812,12151117,2012-10-26T00:33:00.000Z,Thu,FOURTEENTH ST,U ST,NW,Within 100ft,38.916998,-77.031951,Left Turn Hit Ped.,1,1,1,0,,507
-77.00203625,38.88867714,12151444,2012-10-26T17:15:00.000Z,Fri,A ST,THIRD ST,SE,At Intersect,38.888677,-77.002036,19,0,1,1,0,,508
-76.99496078,38.90020335,12151793,2012-10-27T05:51:00.000Z,Sat,H ST,EIGHTH ST,NE,At Intersect,38.900203,-76.994961,Left Turn Hit Veh.,1,2,1,0,,509
-77.0364765,38.92868771,12151955,2012-10-27T14:05:00.000Z,Sat,SIXTEENTH ST,IRVING ST,NW,At Intersect,38.928688,-77.036477,Right Turn Hit Ped.,1,2,1,0,,510
-77.00055936,38.93139391,12152067,2012-10-27T19:28:00.000Z,Sat,MICHIGAN AVE,FOURTH ST,NE,At Intersect,38.931394,-77.000559,19,1,2,1,0,,511
-77.01214239,38.92628232,12153137,2012-10-30T19:21:00.000Z,Tue,MICHIGAN AVE,FIRST ST,NW,At Intersect,38.926282,-77.012142,Left Turn Hit Veh.,1,1,1,0,,512
-77.03273082,38.93385535,12153418,2012-10-31T13:14:00.000Z,Wed,FOURTEENTH ST,OAK ST,NW,At Intersect,38.933855,-77.032731,Left Turn Hit Ped.,1,2,1,0,,513
-77.03914879,38.92494551,12154027,2012-11-01T15:36:00.000Z,Thu,COLUMBIA RD,SEVENTEENTH ST,NW,Within 100ft,38.924946,-77.039149,19,1,2,1,0,,514
-77.03850883,38.90374271,12154244,2012-11-01T23:26:00.000Z,Thu,L ST,SEVENTEENTH ST,NW,Not at Inter,38.903743,-77.038509,Right Angle,1,1,1,0,,515
-77.01989533,38.96728812,12155311,2012-11-04T01:40:00.000Z,Sat,FIFTH ST,TUCKERMAN ST,NW,Within 100ft,38.967288,-77.019895,Straight Hit Ped.,1,1,1,0,,516
-77.04663532,38.90963991,12155339,2012-11-04T00:30:00.000Z,Sat,P ST,TWENTY FIRST ST,NW,Within 100ft,38.90964,-77.046635,Side Swiped,0,2,1,0,,517
-77.00904347,38.92237333,12155360,2012-11-04T04:00:00.000Z,Sat,CHANNING ST,NORTH CAPITOL ST,BN,Within 100ft,38.922373,-77.009043,19,1,1,1,0,,518
-77.07460466,38.94789906,12155662,2012-11-04T19:12:00.000Z,Sun,ALBEMARLE ST,THIRTY EIGHTH ST,NW,Not at Inter,38.947899,-77.074605,Back Hit Moving Veh.,1,2,1,0,,519
-77.02191725,38.89613215,12155957,2012-11-05T14:45:00.000Z,Mon,E ST,SEVENTH ST,NW,Within 100ft,38.896132,-77.021917,Left Turn Hit Veh.,1,2,1,0,,520
-77.03273022,38.93707861,12156160,2012-11-05T22:10:00.000Z,Mon,SPRING RD,FOURTEENTH ST,NW,Within 100ft,38.937079,-77.03273,19,0,1,1,0,,521
-76.99153092,38.89036674,12156396,2012-11-06T14:35:00.000Z,Tue,ELEVENTH ST,MASSACHUSETTS AVE,NE,At Intersect,38.890367,-76.991531,19,1,2,1,0,,522
-77.02597984,38.90417233,12156407,2012-11-06T14:50:00.000Z,Tue,L ST,TENTH ST,NW,Within 100ft,38.904172,-77.02598,Head On,1,2,1,0,,523
-77.0255143,38.94187291,12156873,2012-11-07T13:15:00.000Z,Wed,GEORGIA AVE,UPSHUR ST,NW,At Intersect,38.941873,-77.025514,Right Angle,1,1,1,0,,524
-77.05916771,38.90521895,12157514,2012-11-08T20:30:00.000Z,Thu,M ST,THIRTIETH ST,NW,At Intersect,38.905219,-77.059168,19,0,2,1,0,,525
-77.04209382,38.92305544,12158371,2012-11-10T09:24:00.000Z,Sat,COLUMBIA RD,EUCLID ST,NW,Within 100ft,38.923055,-77.042094,Straight Hit Ped.,1,1,1,0,,526
-77.02189334,38.91626167,12158385,2012-11-10T10:10:00.000Z,Sat,FLORIDA AVE,GEORGIA AVE,NW,Within 100ft,38.916262,-77.021893,Back Hit Moving Veh.,1,2,1,0,,527
-77.04487314,38.91260519,12158771,2012-11-11T03:45:00.000Z,Sat,TWENTIETH ST,R ST,NW,At Intersect,38.912605,-77.044873,Straight Hit Ped.,1,2,1,0,,528
-77.02598366,38.9035789,12158930,2012-11-11T11:30:00.000Z,Sun,MASSACHUSETTS AVE,TENTH ST,NW,At Intersect,38.903579,-77.025984,Left Turn Hit Ped.,0,2,1,0,,529
-77.04664869,38.90252627,12159323,2012-11-12T13:30:00.000Z,Mon,TWENTY FIRST ST,K ST,NW,Within 100ft,38.902526,-77.046649,Side Swiped,0,2,1,0,,530
-77.01216435,38.89612285,12159773,2012-11-13T13:00:00.000Z,Tue,FIRST ST,E ST,NW,At Intersect,38.896123,-77.012164,Left Turn Hit Veh.,1,2,1,0,,531
-77.03643231,38.94399953,12160269,2012-11-14T13:40:00.000Z,Wed,SIXTEENTH ST,WEBSTER ST,NW,At Intersect,38.944,-77.036432,19,1,2,1,0,,532
-77.03195506,38.89549897,12160317,2012-11-14T15:41:00.000Z,Wed,PENNSYLVANIA AVE,FOURTEENTH ST,NW,Not at Inter,38.895499,-77.031955,Other,0,2,1,0,,533
-77.0239553,38.91699049,12161175,2012-11-16T05:30:00.000Z,Fri,FLORIDA AVE,NINTH ST,NW,At Intersect,38.91699,-77.023955,Right Turn Hit Veh.,0,2,1,0,,534
-77.01756466,38.89210971,12161210,2012-11-16T11:30:00.000Z,Fri,PENNSYLVANIA AVE,FOURTH ST,NW,At Intersect,38.89211,-77.017565,Right Angle,1,2,1,0,,535
-77.01520812,38.87841454,12161253,2012-11-16T13:44:00.000Z,Fri,THIRD ST,K ST,SW,Within 100ft,38.878415,-77.015208,Right Angle,0,1,1,0,,536
-77.05141648,38.90297778,12161293,2012-11-16T15:25:00.000Z,Fri,TWENTY FOURTH ST,PENNSYLVANIA AVE,NW,Within 100ft,38.902978,-77.051416,Ran Off Roadway,2,7,2,0,,537
-76.99496038,38.88789098,12162031,2012-11-17T23:10:00.000Z,Sat,EIGHTH ST,NORTH CAROLINA AVE,SE,At Intersect,38.887891,-76.99496,Left Turn Hit Veh.,1,2,1,0,,538
-77.03648819,38.92652562,12163753,2012-11-17T08:15:00.000Z,Sat,COLUMBIA RD,SIXTEENTH ST,NW,At Intersect,38.926526,-77.036488,Right Turn Hit Ped.,1,1,1,0,,539
-77.00906565,38.89891781,12163861,2012-11-21T20:30:00.000Z,Wed,NORTH CAPITOL ST,G ST,BN,At Intersect,38.898918,-77.009066,19,1,1,1,0,,540
-77.0507227,38.90273554,12163987,2012-11-22T00:15:00.000Z,Wed,PENNSYLVANIA AVE,WASHINGTON CIR,NW,Not at Inter,38.902736,-77.050723,19,0,2,1,0,,541
-77.04058626,38.9047353,12165946,2012-11-26T22:08:00.000Z,Mon,CONNECTICUT AVE,DE SALES ST,NW,Not at Inter,38.904735,-77.040586,19,1,2,1,0,,542
-77.03651756,38.91112389,12165949,2012-11-26T21:41:00.000Z,Mon,SIXTEENTH ST,Q ST,NW,Within 100ft,38.911124,-77.036518,Straight Hit Ped.,0,2,1,0,,543
-77.03195636,38.90020484,12166087,2012-11-27T02:56:00.000Z,Mon,FOURTEENTH ST,H ST,NW,At Intersect,38.900205,-77.031956,Head On,0,2,1,0,,544
-77.0417048,38.89959423,12166354,2012-11-27T20:30:00.000Z,Tue,PENNSYLVANIA AVE,EIGHTEENTH ST,NW,At Intersect,38.899594,-77.041705,Side Swiped,1,2,1,0,,545
-77.00098194,38.931215,12166655,2012-11-28T13:15:00.000Z,Wed,MICHIGAN AVE,HAREWOOD RD,NE,At Intersect,38.931215,-77.000982,19,1,2,1,0,,546
-77.03455641,38.91038661,12166906,2012-11-28T22:50:00.000Z,Wed,FIFTEENTH ST,CHURCH ST,NW,Not at Inter,38.910387,-77.034556,19,1,2,1,0,,547
-77.02962313,38.90132611,12167022,2012-11-29T02:30:00.000Z,Wed,THIRTEENTH ST,I ST,NW,At Intersect,38.901326,-77.029623,19,1,1,1,0,,548
-77.03341882,38.96613784,12167449,2012-11-30T00:00:00.000Z,Thu,FOURTEENTH ST,SHERIDAN ST,NW,Not at Inter,38.966138,-77.033419,Left Turn Hit Ped.,0,1,1,0,,549
-77.02044971,38.92753414,12167672,2012-11-30T13:43:00.000Z,Fri,FIFTH ST,HARVARD ST,NW,At Intersect,38.927534,-77.02045,19,1,2,1,0,,550
,,12167701,2012-11-30T15:03:00.000Z,Fri,RHODE ISLAND AVE,,BN,At Intersect,,,19,1,2,1,0,1,551
-77.07744801,38.96730597,12168366,2012-12-01T21:13:00.000Z,Sat,CHEVY CHASE CIR,WESTERN AVE,NW,At Intersect,38.967306,-77.077448,Other,0,1,1,0,,552
-76.99057514,38.94787078,12168435,2012-12-01T23:48:00.000Z,Sat,SOUTH DAKOTA AVE,TWELFTH ST,NE,At Intersect,38.947871,-76.990575,Right Turn Hit Ped.,0,1,1,0,,553
-77.03946035,38.89881381,12168876,2012-12-02T22:23:00.000Z,Sun,SEVENTEENTH ST,PENNSYLVANIA AVE,NW,Within 100ft,38.898814,-77.03946,Right Turn Hit Veh.,1,0,1,0,,554
-77.04616603,38.91437933,12169060,2012-12-03T14:53:00.000Z,Mon,CONNECTICUT AVE,FLORIDA AVE,NW,At Intersect,38.914379,-77.046166,Straight Hit Ped.,1,1,1,0,,555
-77.00904162,38.91681152,12169335,2012-12-04T01:20:00.000Z,Mon,NORTH CAPITOL ST,RHODE ISLAND AVE,BN,At Intersect,38.916812,-77.009042,,0,2,1,0,,556
-76.99496093,38.90132597,12169574,2012-12-04T14:45:00.000Z,Tue,EIGHTH ST,I ST,NE,Within 100ft,38.901326,-76.994961,19,1,2,1,0,,557
-77.0365087,38.91409304,12169796,2012-12-04T22:44:00.000Z,Tue,S ST,SIXTEENTH ST,NW,At Intersect,38.914093,-77.036509,Left Turn Hit Veh.,1,2,1,0,,558
-77.02189891,38.91899092,12170893,2012-12-07T00:11:00.000Z,Thu,GEORGIA AVE,W ST,NW,Not at Inter,38.918991,-77.021899,19,0,2,1,0,,559
-77.02524043,38.94081152,12171249,2012-12-07T20:44:00.000Z,Fri,GEORGIA AVE,TAYLOR ST,NW,At Intersect,38.940812,-77.02524,19,1,2,1,0,,560
-77.04469565,38.92323968,12171463,2012-12-08T03:06:00.000Z,Fri,CALVERT ST,CLIFFBOURNE PL,NW,Not at Inter,38.92324,-77.044696,19,1,2,1,0,,561
-77.01787217,38.91937004,12171708,2012-10-24T21:00:00.000Z,Thu,FOURTH ST,W ST,NW,Within 100ft,38.91937,-77.017872,Side Swiped,1,2,1,0,,562
-77.02396539,38.89613309,12172312,2012-12-09T20:05:00.000Z,Sun,E ST,NINTH ST,NW,At Intersect,38.896133,-77.023965,19,0,2,1,0,,563
-77.02244988,38.96992464,12172567,2012-12-10T12:05:00.000Z,Mon,VAN BUREN ST,SEVENTH ST,NW,At Intersect,38.969925,-77.02245,19,1,1,1,0,,564
-77.02963309,38.89544695,12173233,2012-12-11T19:23:00.000Z,Tue,PENNSYLVANIA AVE,THIRTEENTH ST,NW,Within 100ft,38.895447,-77.029633,Left Turn Hit Veh.,0,1,1,0,,565
-77.03364544,38.89547939,12173351,2012-12-11T23:31:00.000Z,Tue,FIFTEENTH ST,E ST,NW,At Intersect,38.895479,-77.033645,Straight Hit Ped.,1,2,1,0,,566
-77.04058626,38.9047353,12173389,2012-12-12T00:15:00.000Z,Tue,CONNECTICUT AVE,DE SALES ST,NW,At Intersect,38.904735,-77.040586,Right Angle,1,2,1,0,,567
-77.04112541,38.90566381,12173767,2012-12-12T21:00:00.000Z,Wed,CONNECTICUT AVE,M ST,NW,At Intersect,38.905664,-77.041125,19,0,1,1,0,,568
-77.02429755,38.93632883,12173831,2012-12-13T00:00:00.000Z,Wed,ROCK CREEK CHURCH RD,GEORGIA AVE,NW,At Intersect,38.936329,-77.024298,Right Turn Hit Ped.,0,2,1,0,,569
-77.0239553,38.91699049,12174383,2012-12-14T01:21:00.000Z,Thu,U ST,NINTH ST,NW,Not at Inter,38.91699,-77.023955,Side Swiped,1,2,1,0,,570
-77.03195506,38.89549897,12174620,2012-12-14T16:12:00.000Z,Fri,PENNSYLVANIA AVE,FOURTEENTH ST,NW,Not at Inter,38.895499,-77.031955,Rear End,0,2,1,0,,571
-77.01066071,38.89394856,12174649,2012-12-14T17:05:00.000Z,Fri,NEW JERSEY AVE,LOUISIANA AVE,NW,At Intersect,38.893949,-77.010661,Right Angle,1,2,1,0,,572
-77.02803394,38.95080305,12174817,2012-12-14T22:45:00.000Z,Fri,ARKANSAS AVE,FARRAGUT ST,NW,Within 100ft,38.950803,-77.028034,19,1,1,1,0,,573
-77.03264109,38.92880696,12174821,2012-12-14T22:51:00.000Z,Fri,FOURTEENTH ST,IRVING ST,NW,At Intersect,38.928807,-77.032641,Ran Off Roadway,1,2,1,0,,574
-77.00356891,38.90251522,12176505,2012-12-18T13:30:00.000Z,Tue,K ST,SECOND ST,NE,At Intersect,38.902515,-77.003569,Right Angle,1,2,1,0,,575
-76.97778574,38.9172331,12176511,2012-12-18T13:50:00.000Z,Tue,NEW YORK AVE,MONTANA AVE,NE,Within 100ft,38.917233,-76.977786,W YORK AVE MONTANA AVE,1,1,1,0,,576
-77.00654825,38.91259462,12176518,2012-12-18T14:20:00.000Z,Tue,FIRST ST,R ST,NE,At Intersect,38.912595,-77.006548,,2,2,1,0,,577
-77.00904219,38.92130645,12176566,2012-12-18T16:28:00.000Z,Tue,BRYANT ST,NORTH CAPITOAL ST,BN,Not at Inter,38.921306,-77.009042,Straight Hit Ped.,1,1,1,0,,578
-77.03914879,38.92494551,12176709,2012-12-18T21:00:00.000Z,Tue,COLUMBIA RD,SEVENTEENTH ST,NW,Within 100ft,38.924946,-77.039149,19,1,2,1,0,,579
-77.03460923,38.91912966,12177536,2012-12-20T13:30:00.000Z,Thu,FLORIDA AVE,W ST,NW,Not at Inter,38.91913,-77.034609,Parked Vehicle,1,2,1,0,,580
-77.04665258,38.90131844,12177581,2012-12-20T13:45:00.000Z,Thu,PENNSYLVANIA AVE,I ST,NW,At Intersect,38.901318,-77.046653,Right Angle,0,2,1,0,,581
-76.9961741,38.92650549,12178264,2012-12-17T12:47:00.000Z,Mon,GIRARD ST,SEVENTH ST,NE,Within 100ft,38.926505,-76.996174,19,1,2,1,0,,582
-77.02463815,38.91810992,12179009,2012-12-23T08:36:00.000Z,Sun,V ST,VERMONT AVE,NW,Not at Inter,38.91811,-77.024638,19,1,2,1,0,,583
-77.04169826,38.90133735,12181280,2012-12-28T23:30:00.000Z,Fri,I ST,EIGHTEENTH ST,NW,Within 100ft,38.901337,-77.041698,19,1,2,1,0,,584
-77.02823489,38.95835157,12182074,2012-12-31T13:14:00.000Z,Mon,GEORGIA AVE,MADISON ST,NW,Within 100ft,38.958352,-77.028235,Right Angle,1,1,1,0,,585
-77.04033828,38.92422597,12214078,2012-10-05T14:05:00.000Z,Fri,COLUMBIA RD,ONTARIO RD,NW,Within 100ft,38.924226,-77.040338,19,2,1,1,0,,586
-77.0417048,38.89959423,13014209,2012-02-01T21:30:00.000Z,Wed,EIGHTEENTH ST,PENNSYLVANIA AVE,NW,At Intersect,38.899594,-77.041705,19,1,0,1,0,,587
-77.03670741,38.92711825,120606881,2012-05-05T01:15:00.000Z,Fri,MOUNT PLEASANT ST,ARGONNE PL,NW,At Intersect,38.927118,-77.036707,19,1,1,1,0,,588